average_hr,average_watts,moving_time,average_speed,average_grade,distance,total_elevation_gain
174.86666666666667,362.3673469387752,333.965,5.201884928061324,8.0,1720.91,136.507
169.8999999999999,325.55744680851063,430.545,5.458740665900196,6.5,2347.78,152.85
159.47403846153853,283.99999999999994,364.44,5.563989957194601,5.1,2029.45,103.822
164.64787234042558,277.5265957446809,343.94358974358977,5.1957431898492565,5.6,1788.56,99.0157
164.46464646464648,307.93783783783783,296.48205128205126,5.716841941398276,5.5,1709.07,93.7285
167.68800000000005,307.5005555555556,401.3025641025641,6.109188028726965,4.8,2429.0,117.76100000000001
159.10818181818183,312.86022099447496,409.2974358974359,3.9650683472617247,8.6,1638.18,141.314
166.78035714285718,318.6276595744681,446.26666666666665,5.154636758520836,6.4,2303.01,151.407
166.18571428571425,319.3989417989417,609.7,6.182529932753812,4.9,3839.8,189.91299999999998
158.6197530864197,280.3822222222221,274.4923076923077,5.532875611852182,5.5,1506.74,83.6348
161.17373737373742,257.6791443850268,1427.8307692307694,5.111690676550769,4.6,7587.7,381.475
167.5022222222222,314.6505434782609,491.35897435897436,5.011946981161613,6.7,2462.82,164.386
163.83809523809518,291.90162162162164,619.0564102564102,5.774769707412437,5.0,3600.85,179.766
160.09599999999998,246.63406593406597,650.9076923076923,3.6984298061090235,7.4,2415.44,178.96200000000002
160.2397260273973,263.1114583333333,299.135,5.432080833068683,5.1,1590.34,79.065
158.1576086956522,268.9855555555556,2166.1384615384613,4.191008932355108,6.7,9071.94,619.243
158.46562499999996,265.8565934065934,1644.5076923076922,5.888755733927076,4.2,9693.6,413.048
168.00756302521003,307.78201058201057,1100.08,5.719291324267327,5.4,6289.65,350.401
156.9711111111111,233.75561497326188,809.4051282051282,3.5750047518278696,6.8,2859.77,195.14700000000002
156.7320388349514,248.50904255319148,550.4572864321608,5.665509717822553,4.3,3156.49,134.285
163.77978723404246,310.68469945355207,306.69743589743587,5.943194662742868,5.3,1829.73,99.49600000000001
157.19716981132083,257.4526041666666,437.53,5.431659543345599,4.7,2382.5,111.51299999999999
154.40499999999997,248.25083798882676,1044.148717948718,5.9357287742683305,3.8,6157.41,235.042
156.19903846153846,257.85722222222216,751.4205128205127,4.979456345929421,5.1,3796.21,193.085
158.25319148936168,281.9875675675676,425.4358974358975,6.1831581485053,4.2,2617.46,108.03200000000001
165.28282828282832,275.7439153439153,1560.4717948717948,3.280796077451921,10.1,5088.96,515.488
161.28000000000003,217.4,695.4285714285713,3.3999691865242405,5.4,2330.0,124.01
161.55999999999997,288.88105263157894,549.5589743589744,6.513176066589531,3.8,3569.99,136.38299999999998
157.94519230769234,299.01263736263724,603.6461538461539,4.720042307006142,6.2,2855.04,176.502
169.32747252747254,299.31709844559583,289.48,6.4850559624153625,4.3,1892.49,97.0933
164.58365384615382,282.9875,1720.085,5.239034989549936,5.4,9509.25,0.0
154.46642191509122,262.2783194911948,871.6569839015953,8.209767193993564,6.0,2354.47,139.872
172.88478260869564,347.3473684210524,440.87,6.062365323111122,5.7,2684.82,155.733
167.22429906542064,328.6637362637364,494.1948717948718,4.5513697492943725,8.0,2228.94,177.84400000000002
162.5247422680413,330.22513089005236,210.125,6.56306960142772,5.8,1383.36,78.828
162.47019230769232,273.8785714285715,637.1333333333333,4.0392471084424635,7.2,2617.13,187.458
172.616037735849,306.78274111675137,489.86,4.861926877066919,7.2,2397.47,173.037
163.32051282051282,329.81428571428563,586.98,11.444380558111007,-0.6000000000000001,6671.89,93.90700000000001
161.2591836734694,294.42849740932644,345.82,7.367337053958702,3.1,2560.48,79.7894
155.60348837209298,270.7581005586592,406.425641025641,5.80828359809723,4.5,2360.66,105.26
171.6588235294117,377.9481675392669,203.19,6.0125645947143065,6.8,1242.59,83.833
167.33949579831932,334.0683333333333,249.4923076923077,7.417008900125383,4.3,1838.14,78.3474
159.81553398058253,299.97741935483856,414.8410256410256,4.7201510618834535,6.7,1972.31,131.119
151.12708333333327,250.35549738219916,333.775,6.053411729458468,4.2,1985.31,89.179
162.49743589743596,253.51368421052624,2026.9435897435894,3.418641683575624,8.4,6907.82,576.631
159.36385542168668,272.84835164835187,653.1897435897437,4.326081085324871,6.7,2872.43,190.048
160.5093023255814,284.94301675977647,917.0871794871796,6.880861367093138,3.4,6343.44,0.0
154.86640624999987,207.6124999999999,5044.076923076923,7.011592372877043,1.8,35402.0,758.0
161.1409090909091,270.18804347826085,570.4358974358976,5.7778028498224465,4.4,3296.59,143.236
169.62280701754386,306.21846153846167,1076.475,5.489833019810028,6.0,5925.45,361.719
166.0817204301075,309.5021978021977,596.7435897435898,3.671469084346666,9.4,2197.06,214.22
171.0042016806723,381.7628272251308,88.04615384615386,12.433449822354234,-0.1,1094.55,2.049
156.7932584269663,267.19585492227986,627.21,9.720151145549341,0.2,6206.45,63.0
150.56250000000003,238.6452513966481,487.65128205128207,5.709510789551174,3.7,2782.01,108.73
165.7513043478261,323.99384615384633,546.835,6.004005778708385,5.6,3300.68,204.76
161.89342105263154,305.85911602209944,802.4615384615386,3.8702677658486686,9.3,3066.25,286.953
156.75833333333338,380.30317460317457,251.85128205128208,12.433978131172244,0.1,3117.65,2.8
165.34590163934428,383.9426966292134,296.14358974358976,12.941797118514922,-0.0,3918.07,2.0
148.40077519379852,246.62789473684208,1154.179487179487,9.758005909403943,-0.1,11360.1,112.955
170.76140350877196,309.2475675675676,723.735,4.571633263556413,7.7,3242.87,0.0
168.65765765765755,314.35189189189185,1402.285,6.4921392584246425,4.7,9118.54,431.6
170.88558558558555,404.6079787234044,175.4974358974359,10.600482145987971,2.2,1865.47,44.662
163.06346153846158,236.810752688172,854.7794871794873,3.3500203981233727,7.9,2855.45,225.86599999999999
161.55142857142866,267.1933701657459,2354.451282051282,4.592466206944621,5.6,10879.5,668.595
166.5913043478261,262.83487179487184,1140.5,10.268422621657168,-0.2,11696.0,64.0
168.01250000000005,331.1663157894737,133.25641025641025,11.725268424090824,0.4,1563.72,11.0553
151.9811881188119,245.50928961748656,375.3179487179487,11.658387418530614,-1.4,4342.45,0.0
162.45909090909097,277.68216216216234,488.7589743589744,6.62335270911151,3.6,3230.99,114.34100000000001
160.0371428571429,267.4699999999999,422.7846153846154,8.934253969409168,1.1,3837.96,62.6
159.21467889908257,256.07771739130425,172.8769230769231,9.839776334134255,0.2,1714.17,6.8
165.6720720720721,326.3738219895289,314.86,10.031309153274467,1.3,3160.87,67.37899999999999
146.16326530612244,317.02921348314607,1435.0974358974356,11.207416632123618,0.0,16066.5,178.324
176.6979591836735,309.6376344086022,430.87,4.396259892775084,7.8,1902.45,146.601
164.89120879120873,278.8603174603175,211.08205128205128,11.474045820072398,-0.4,2417.46,4.7330000000000005
169.83473684210526,341.66141304347803,276.785,6.954345430568857,4.8,1936.25,91.3253
158.2696078431373,315.44639175257754,277.435,11.4063276082686,0.2,3242.56,31.0
160.72980769230773,275.20430107526903,2112.75,5.443579221393915,4.9,11646.3,581.1659999999999
158.34725274725278,277.0978835978836,751.78,5.981709409667724,3.9,4499.05,178.203
174.54351851851845,312.71223404255323,1316.4923076923078,5.102831144143719,6.8,6636.36,0.0
154.68455284552846,312.0736040609138,1085.955,11.085052787638528,0.7000000000000001,11982.9,142.371
160.24273504273503,273.406282722513,911.502564102564,5.5064188181813085,4.5,5019.84,266.14
154.3718518518518,256.4736559139786,704.65,10.694997516497553,-0.30000000000000004,7519.24,46.68
155.1700934579439,255.45572916666652,422.14,9.531259771639741,-0.0,4039.97,45.6
149.7808333333334,215.9409326424871,365.87,10.658405991199066,-1.0,3919.03,8.65161
159.89589041095888,311.96105263157887,166.285,4.816369486123224,7.7,801.485,63.4471
161.46736842105264,277.3613259668508,1818.3384615384616,3.8792408397635474,8.0,7082.9,575.087
174.5782945736434,359.26402116402113,426.47,5.546691443712341,7.1,2441.39,172.076
145.08960000000005,240.57135135135135,1003.845,10.139317324885818,-1.2,10165.7,185.002
153.29814814814816,243.8854838709677,927.35,6.844878956165415,1.9,6407.63,190.0
142.83473684210531,225.60287356321842,479.73333333333335,10.582954205327745,-0.7000000000000001,5048.16,35.5687
142.54315789473685,240.9516483516484,1424.2358974358974,12.64703700769823,-2.6,17936.1,116.801
167.93142857142863,297.61929824561395,1610.3384615384616,4.693722931315602,6.6,7714.54,512.6
153.18250000000003,312.7518134715026,417.18,11.733030106908288,0.0,4716.75,26.91
151.3374999999999,237.06021505376359,1375.56,7.467115211259416,1.1,10290.9,230.2
150.77,265.965128205128,1113.63,10.013214891840196,-0.0,11096.5,85.2
158.14513274336278,304.96910994764403,772.14,11.560806978009177,-0.2,8823.32,35.07
149.6414414414414,223.88290155440396,553.285,12.845840751149963,-3.3,7095.6,23.0
150.97605633802817,242.1994680851064,415.4307692307692,7.128663481835351,2.0,2955.24,71.6182
157.87422680412374,269.221978021978,821.1179487179487,5.0914150813774866,4.9,4164.11,205.722
153.79759036144574,247.64530386740338,1450.5435897435898,5.561205701841217,3.9,8013.77,311.166
153.7061855670103,243.935,1077.2461538461541,5.011412766646201,4.3,5531.4,252.827
160.5754716981132,276.69999999999993,348.4,5.743842915599518,4.6,2018.01,93.41
170.93846153846164,298.1155080213905,1480.64,4.790688823751892,7.2,7064.33,0.0
165.1235849056603,291.1486486486489,817.8307692307692,4.266000112868939,7.9,3461.0,275.0
163.1602150537634,297.2385869565219,635.6,6.255312162140353,4.4,3982.93,180.0
154.0769230769231,238.48268156424575,1285.8307692307692,7.128062073008772,1.9,9327.85,460.67
151.58083333333337,415.63817204301057,953.574358974359,13.235065368088756,-0.6000000000000001,12613.6,70.2
152.18526315789472,189.62402234636863,806.8820512820513,9.049955510925248,-0.0,7178.06,41.8171
151.32727272727266,237.18191489361703,2643.041025641025,5.054977463799469,4.0,13234.1,600.4
159.1915094339623,273.3682795698926,1696.83,5.970914587790174,4.0,10131.9,0.0
163.81057692307692,272.46243093922664,756.251282051282,3.0630579986302187,10.8,2299.84,249.84400000000002
163.92095238095234,281.9783783783783,1697.3692307692306,4.523728122252536,6.7,7788.9,530.648
161.69652173913047,283.5870967741936,653.0307692307692,5.945543069396349,4.4,3883.16,175.442
164.77900000000002,296.17076923076917,199.465,11.567686060211065,-0.5,2306.48,15.87
148.52777777777774,240.7088082901552,784.985,7.495794187150075,1.8,5857.18,125.4
159.71999999999997,249.74354838709684,1482.9230769230771,4.524628073451601,5.3,6715.66,369.0
168.81862745098042,313.941489361702,777.8256410256412,3.5394960310134764,10.3,2781.24,287.0
145.38130081300812,206.9360655737704,6046.0666666666675,7.415935938007582,1.1,44814.1,905.635
146.99545454545455,216.12637362637355,784.0051282051281,8.453094890797418,0.0,6603.53,51.8
157.73523809523806,274.3164102564101,433.88,10.65244422420945,-0.4,4655.66,39.2
163.24698795180726,268.2529411764706,183.735,10.417065338667102,0.0,1915.44,6.4
144.92017543859654,237.63560209424082,1042.665,9.860386605477316,0.30000000000000004,10283.0,54.7952
150.88681318681319,326.83390804597695,563.6461538461539,12.275705798327731,-0.4,6916.39,0.0
172.7036363636364,326.17712765957435,1157.765,4.883010369116358,7.3,5611.8,0.0
153.18194444444447,242.90315789473698,296.13,10.330241785702226,-0.4,3068.1,0.0
168.92340425531916,294.8000000000002,1833.1641025641027,4.500790282739383,7.1,8297.61,593.5219999999999
153.77589285714285,234.81420765027318,272.67,9.078915905673526,0.6000000000000001,2483.96,21.639
161.77209302325574,281.09841269841263,513.4769230769232,4.141680648769573,7.6,2084.27,170.0
153.9387755102041,219.22783505154632,126.425,11.594455210599165,-1.9,1452.93,2.2
164.8992,276.1608465608466,436.94358974358977,10.413159006619406,-0.0,4367.23,46.1432
153.12110091743116,272.3197802197803,343.55897435897435,10.444274114099766,0.30000000000000004,3587.39,25.2
162.26461538461538,305.91797752808986,210.61538461538458,11.35718529340152,-0.0,2394.18,0.0
160.70729166666663,280.42989130434813,946.7794871794873,4.701123376412344,6.3,4441.77,280.348
157.67777777777778,322.57357512953376,319.855,11.571996685998347,0.2,3702.48,25.4
161.6040816326531,280.90893854748595,1266.928205128205,4.520851565061464,6.7,5724.9,386.0
160.11826923076927,251.0471204188483,473.2051282051282,9.267837442427522,0.30000000000000004,4380.88,66.415
136.57872340425538,143.6506024096386,274.2102564102564,6.1494847674440365,0.5,1673.51,10.6
173.61970802919708,350.00944444444417,565.429292929293,7.682134786298066,3.9,4350.27,181.208
153.99787234042552,255.67765957446807,344.2461538461538,10.512814324871883,-1.3,3640.82,42.4
150.54777777777784,251.09834254143647,617.974358974359,9.296968590514906,-0.1,5748.27,80.8
160.78969072164946,329.94804469273737,483.34871794871793,8.680008063403822,2.7,4194.32,114.8
150.57520661157025,302.71388888888896,433.1179487179487,11.01670534466836,0.30000000000000004,4777.21,36.5302
169.35887850467284,294.8866310160428,810.774358974359,7.382920411635599,2.3,5991.65,205.2
144.55,232.18514285714303,1524.333333333333,10.77990142811485,-0.8,16035.0,56.0
142.69450549450545,194.37486338797814,1155.7333333333333,8.162007028504487,-0.1,9282.97,176.34
164.11699999999996,271.82239583333325,1063.5076923076922,4.622053774640281,6.6,4669.68,309.2
161.19333333333338,340.9443243243245,412.155,11.81040263978358,0.0,4877.03,39.4
165.77378640776706,287.04648648648634,814.6666666666665,4.925090645851696,6.3,3994.53,336.75
150.150909090909,253.9438202247192,683.0512820512821,12.57857201846916,-2.4,8628.22,63.333
153.15963302752291,307.4287234042552,473.205,11.326935471941335,0.4,5326.6,30.0
157.95428571428567,289.06363636363653,662.8461538461537,10.339810452206873,0.7000000000000001,6858.68,44.6
155.16719999999995,331.5357512953366,269.84,14.39909020160095,-2.1,3896.2,0.0
133.60153846153844,181.2570621468927,304.51794871794874,7.641920816422753,0.5,2317.31,17.3038
148.49065420560743,294.8513661202184,1074.2666666666667,10.02528570473836,0.1,10797.8,135.4
152.12905982905986,229.803125,1220.96,8.274836194469929,0.6000000000000001,10202.5,149.2
164.90825688073397,295.5121052631577,941.17,5.749444308679619,5.3,5463.89,290.6
161.55076923076928,326.0178010471204,342.14,10.773214181329276,0.30000000000000004,3594.0,69.8318
158.56268656716418,318.3178947368422,400.15,10.910408596776211,1.1,4392.21,55.2816
148.92288135593222,243.39842105263145,1933.965,7.116068543122545,2.2,13801.8,329.8
168.30520833333338,334.15132275132265,354.64,5.627250169185658,6.3,2009.92,0.0
144.1645669291339,189.2117021276596,2648.271794871795,7.883419666042494,0.1,20854.4,290.0
142.5389473684211,192.17213114754105,661.0358974358975,8.169986501373137,0.7000000000000001,5412.03,50.4
158.68163265306126,270.3807692307693,807.3333333333335,6.210208981769678,3.9,4981.91,197.0
157.08437499999997,257.9439560439561,596.0461538461539,5.735242495418526,3.6,3422.15,142.0
150.47924528301888,265.5767567567569,506.72307692307686,13.14043274534212,-2.0,6667.03,6.24866
156.82105263157888,341.41748633879786,195.6923076923077,11.817279874213831,-0.0,2349.67,6.13
164.55121951219513,288.3956284153007,331.60512820512815,5.699059740500751,4.9,1890.18,92.7671
159.3581632653062,315.44972972972977,416.08205128205134,8.552977716426742,2.4,3570.76,96.296
153.82000000000005,277.7601123595507,245.89743589743588,10.749876955161636,0.0,2651.74,0.0
162.82500000000005,344.44010989011,659.8102564102563,10.15603942081251,1.8,6680.18,213.83
156.8391304347826,253.26648936170204,657.8153846153846,8.46712895832359,1.2,5344.92,178.005
141.05714285714288,159.92556818181822,416.0307692307693,7.713801987032517,-0.0,3185.26,40.5
157.11649484536082,263.2180327868851,805.8410256410257,7.939330147194529,1.7000000000000002,6372.82,210.28
164.60270270270274,268.3497237569061,1268.4820512820513,5.02563977133986,5.1,6480.65,353.8
155.08469387755105,285.8698412698413,556.4512820512821,11.209111770560696,-0.1,6373.37,20.2
140.14691358024692,174.0562841530055,386.90769230769234,8.782840934695875,-0.1,3399.09,2.4034400000000002
156.72831858407082,307.18532608695637,1374.865,11.245193891763911,0.0,16081.0,142.934
153.24,224.81639344262302,370.23076923076917,9.759339289424473,-0.0,3607.21,4.8064
158.97931034482758,253.42948717948727,393.6206896551725,2.8224850343115784,8.7,1100.52,95.6511
162.31460674157302,294.225925925926,734.225641025641,5.2765907217790975,5.9,3869.51,230.39
168.83387096774192,321.0704301075269,1413.6051282051285,6.7302844518289335,4.7,9563.63,515.51
157.13025210084038,293.2256684491979,351.97,4.643192601642184,7.0,1631.98,113.8
170.07227722772282,306.09835164835164,1750.0615384615385,5.803331457941408,5.9,10138.9,600.566
150.07619047619045,183.70059523809525,231.6410256410256,9.474487491698019,-0.8,2188.28,2.0
164.61287128712866,296.0673684210525,1040.545,10.856621289804854,0.0,11305.8,81.8
159.5963636363636,258.9313186813187,1619.0871794871796,6.706657122405154,3.0,10959.4,333.8
160.102752293578,251.56685082872932,936.8358974358973,6.140933201228358,3.5,5786.24,204.878
152.8689320388349,280.79617486338805,499.825641025641,6.099423388668868,3.9,3053.09,119.0
139.41739130434777,192.77016574585636,788.77,8.711995258440355,0.30000000000000004,6529.17,57.283
158.25283018867933,336.0530386740332,605.645,13.214160935861768,-0.8,8101.37,31.2
155.21833333333333,337.72,722.055,11.062466848093289,0.8,8010.73,95.2
142.42450980392155,229.30489130434785,507.38974358974366,7.5040306849536575,1.5,3949.01,134.38
158.9763157894737,299.5487179487178,386.98,4.0024006408599915,8.5,1550.14,131.0
148.9629629629629,318.72076502732244,1087.574358974359,11.275912522338587,0.2,12285.7,276.32
147.7132653061224,216.2032258064516,3245.9128205128204,5.3632775261354295,2.9,17437.5,623.415
158.69029126213596,230.62362637362645,2756.7487179487184,5.010012910042673,4.1,13756.3,617.099
153.06263736263736,226.1186813186813,733.6461538461539,8.282346691271558,0.1,6115.95,84.8
148.71428571428575,225.354054054054,466.4871794871795,7.872310229209028,1.0,3678.4,54.6
152.85064935064932,252.36939890710386,563.225641025641,3.359772919720656,7.9,1864.37,146.6
153.68813559322038,217.90395480226,1658.0461538461539,5.837335572607858,2.6,9706.04,289.2
168.92135922330098,298.6529100529099,432.01,5.1606270688178535,6.2,2291.4,0.0
162.2275862068966,319.0502702702704,765.1333333333333,9.681256157800544,1.7000000000000002,7416.18,124.2
157.39814814814815,290.6951086956522,267.9076923076923,12.032508326633739,-0.6000000000000001,3188.49,0.0
152.1000000000001,267.0256983240224,442.47692307692313,12.197133850237016,-1.0,5432.75,0.0
157.13650793650797,307.97283236994235,1800.1076923076926,10.851194942752711,0.0,19509.7,96.6
160.19677419354838,277.54945054945046,520.3230769230769,8.211862452322523,2.0,4566.92,275.92
155.13603603603605,256.34486486486486,1172.4717948717948,6.494293012351723,3.2,7615.48,246.0
146.73636363636362,242.90489130434798,223.1692307692308,10.86789374511696,-1.0,2450.33,12.4
152.99829059829057,224.7646408839779,3169.225641025641,3.8826957648798777,5.7,12282.7,722.4
147.98135593220337,225.08469945355216,3690.497435897436,7.102082270891144,1.9,26108.4,536.2
160.5999999999999,289.7489361702128,774.885,4.6518605986694785,6.5,3677.76,240.81
169.7414634146341,304.46243093922635,743.0512820512822,6.890105938783258,4.5,5133.9,231.8
163.38557692307688,270.346195652174,2116.369230769231,4.710857249474184,5.8,9941.06,574.847
151.66494845360825,249.43675675675655,2481.138461538461,5.889240051093173,3.3,14651.5,550.6669999999999
144.93229166666663,183.0614525139665,2000.0205128205127,7.307185823735142,1.1,14579.6,173.0
149.6,129.6,1721.2857142857142,6.9108141754502475,0.30000000000000004,11865.9,74.6
155.83717948717944,231.11630434782614,1068.7846153846153,7.653947210586673,1.0,8235.8,160.2
153.20088495575226,285.5877094972067,279.06153846153853,11.493167576308869,-0.1,3209.62,12.0165
138.21212121212122,134.17368421052635,451.8820512820513,6.545147928322568,0.4,2915.41,26.2
147.93124999999995,174.93464566929143,872.4697986577182,6.934350528469667,-0.30000000000000004,6028.91,96.0
159.26756756756745,264.4458100558659,791.51,6.820737577541657,2.6,5240.25,164.0
156.17766990291258,272.31229946524064,928.046153846154,9.265974835469065,0.9,8460.43,97.6
153.9090909090909,136.4875,1450.1176470588236,6.870063280869707,0.30000000000000004,9711.48,65.6
141.9449275362319,189.65921052631572,436.05421686746985,9.150111210886227,-0.6000000000000001,3969.42,7.20972
160.99891304347832,241.0392473118279,666.1435897435898,4.646637361622196,5.2,3090.74,161.8
146.56907216494855,219.91000000000003,2839.08717948718,6.830510528844592,1.5,19371.9,496.2
152.64615384615385,198.93307086614175,1869.8201438848919,4.028458859968065,4.8,7485.86,355.6
166.4808080808081,294.56,1561.1897435897436,3.6940824223471904,9.5,5745.35,546.862
141.8179775280899,217.28409090909096,740.9025641025643,9.735102023865556,0.0,7148.32,24.6
150.84285714285718,240.80962566844917,1191.3794871794873,4.53131340957907,4.5,5384.31,285.0
152.2185185185185,267.23891891891867,476.9025641025641,10.570700890360873,0.0,5043.66,4.6
139.6267605633803,204.8877094972068,293.9897435897436,9.861606893664524,-0.6000000000000001,2903.62,2.0
156.42903225806452,263.22608695652167,806.5282051282053,6.733987397709723,3.1,5479.38,173.0
145.54945054945054,226.17016574585637,304.89743589743586,7.653749894878478,1.7000000000000002,2333.3,54.18
158.08181818181816,258.1207253886012,538.1282051282051,9.104708629151377,0.8,4902.39,62.2
165.740206185567,292.40170454545466,1171.425641025641,6.230451608384259,4.4,7273.59,330.213
153.9566037735849,199.2605555555557,2019.7846153846156,2.3385057558815623,8.0,4933.08,400.79900000000004
150.62266666666662,269.56684782608687,106.13333333333334,12.905445496714346,-2.3,1373.74,0.0
152.4590909090909,211.68907103825137,845.348717948718,3.387904854922564,5.0,2932.69,148.2
164.00641025641022,289.97765363128485,2119.5846153846155,5.124405604387894,5.8,10946.2,635.6
156.90357142857144,340.9677595628413,357.53846153846155,11.298792312105565,0.4,4055.58,63.85
156.89361702127658,262.524607329843,360.4461538461537,7.166158749128572,2.5,2563.16,74.9828
169.22500000000005,298.4622340425531,3195.045,5.526060509319898,5.6,17588.0,1019.65
141.49583333333328,183.29662921348327,403.85128205128206,7.784294802605681,-0.6000000000000001,3123.82,169.14
167.7554216867469,287.5121546961326,346.2564102564103,5.790731635071087,4.6,1980.49,149.31
152.49368421052634,280.73191489361716,158.5897435897436,13.46790622473727,-2.7,2142.21,7.0
139.00555555555556,256.0228260869568,205.75384615384613,10.861165943871192,-0.7000000000000001,2252.16,0.0
153.92777777777775,240.51098901098916,1206.3384615384614,4.313752571885258,5.7,5094.06,388.05
157.88770491803282,268.3715053763441,974.135,6.446845663075447,3.7,6216.73,352.874
143.85294117647058,177.34523809523807,1150.340909090909,8.467063123579969,0.1,9720.34,10.2859
168.53979591836736,350.11032608695626,350.87,9.570412118448422,2.2,3362.94,75.0
155.7153846153846,277.82901554404145,212.445,9.43952552425334,0.30000000000000004,2008.08,38.1486
167.9830508474576,339.09945355191263,827.4974358974359,8.436258846568581,3.0,7129.78,281.472
154.07073170731704,230.7119565217392,262.45641025641027,10.017417300064483,0.0,2642.21,0.0
146.15714285714284,200.98287292817676,466.6615384615384,6.685210826492595,1.8,3162.7,63.4
142.17653061224487,288.24335260115606,302.89743589743586,11.10518750529078,-0.5,3364.17,5.0
157.5873563218391,289.5083798882682,597.2410256410258,6.74001648606412,3.5,4066.84,142.6
155.08255813953488,256.6918478260868,195.34,10.329876113443225,0.2,2027.26,4.4
136.89999999999998,169.05757575757573,395.9411764705882,4.6947556083791415,2.9,1813.77,66.1724
170.51703703703703,282.77754010695185,985.3589743589743,4.8151573030784025,6.4,4737.41,307.659
162.19090909090912,249.84893617021282,1549.3282051282054,6.981066069992285,2.8,10865.0,324.8
150.22252252252247,269.00833333333327,814.54,10.79656370466767,-0.0,8782.0,59.2
153.78585858585856,258.91546961325963,314.04102564102567,11.63868839609393,-0.8,3652.36,5.15754
151.25922330097083,224.86772486772492,580.3846153846154,11.027035122597752,-1.7000000000000002,6427.68,41.4
160.01313131313128,239.6158730158729,296.1589743589744,5.2318505307267404,4.5,1548.81,69.0
151.46363636363634,224.8021857923497,588.625641025641,8.295536756634311,1.0,4916.55,71.81
147.39649122807018,227.9010810810812,562.6102564102564,4.786631908047656,4.5,2646.42,124.2
143.78125000000006,234.65027322404387,304.10256410256414,8.159618887015181,1.6,2481.45,43.0745
152.30921052631584,287.4475138121547,303.14358974358976,11.618632111379908,-0.6000000000000001,3527.73,0.0
146.86991150442478,234.37291666666675,438.33,9.607340360002738,0.5,4201.72,21.4
149.0257575757575,222.42737430167588,863.8556701030928,6.70869632670597,1.5,5868.8,139.8
160.49428571428572,285.0832460732985,282.2,6.235070871722182,4.2,1769.51,75.7935
166.18645833333332,321.47329842931936,418.8871794871795,5.702252610702352,5.9,2383.18,140.168
154.75959595959594,273.81658031088074,391.82,10.463915828696852,-0.30000000000000004,4065.89,34.0
175.4969465648856,386.77081081081076,245.8,7.041055736371028,5.4,1717.82,93.0
165.43571428571425,266.7469945355193,239.47179487179488,5.731995631411014,4.3,1371.0,61.217
147.24051724137922,229.6280898876405,404.9333333333333,11.717165218712802,-1.4,4796.94,13.6034
165.14941176470597,336.62905027932936,602.2974358974359,12.605246577208634,-0.5,7594.16,20.959
157.98207547169804,245.22362637362636,593.4512820512821,7.224387546123069,2.7,4292.37,236.80200000000002
138.30689655172415,162.02499999999995,533.0860215053764,6.5335377291889385,0.8,3460.67,35.5648
150.0210526315789,214.97513513513508,474.4358974358975,8.105857428525102,0.7000000000000001,3803.54,101.238
156.63043478260875,252.9281767955801,1271.8410256410255,6.420964964981108,3.3,8139.01,279.0
143.15846153846147,188.4546666666666,332.1011235955056,9.380513922251922,-0.8,3107.99,5.210719999999999
146.67549019607847,223.08152173913044,943.2666666666668,10.466100893240627,-0.5,9890.12,14.095999999999998
141.79767441860463,211.10515463917525,1942.335,6.80021829396062,1.1,13186.0,356.585
148.10291262135922,212.9848314606741,523.0410256410256,8.303925759610955,0.7000000000000001,4327.75,54.0
168.94732142857134,308.8722513089006,1388.915,4.675902053041403,7.0,6783.72,472.4
147.88658536585365,249.32582417582412,342.8615384615385,9.6641927667594,0.5,3321.96,17.4
146.48938053097342,260.2553191489362,1387.9897435897437,10.3522194060401,0.30000000000000004,14356.9,295.255
153.9881889763779,327.05641025641023,333.76,12.09418594199425,-0.30000000000000004,4048.22,35.4705
156.88854166666667,287.9943298969073,200.935,6.115858362156921,4.3,1238.79,53.3063
165.70091743119258,277.3431578947369,1178.7384615384615,4.1461144900676095,7.4,4884.76,362.8
154.75777777777787,204.19243243243255,416.9025641025641,10.262718952962016,-1.4,4279.64,41.9716
148.0234693877551,253.21264367816096,203.1076923076923,11.269037519567734,-0.7000000000000001,2307.91,0.0
144.15241935483866,315.86885245901635,550.3794871794871,13.018612798628444,-1.0,7164.05,0.0
145.8609195402299,311.4397790055248,222.15384615384616,12.431147276084952,-0.5,2764.69,5.73468
134.11121495327112,171.2282608695652,374.1384615384615,9.845944871636718,-1.1,3679.33,5.0
157.69532710280373,308.7718918918917,149.59,11.948114847249148,-0.7000000000000001,1793.98,25.993000000000002
161.61428571428573,273.7522222222221,1263.8564102564105,3.3034643662863363,9.4,4159.24,390.6
133.12745098039218,141.63313253012052,247.5435897435897,8.679142756520479,-1.9,2150.29,24.0
162.3380434782609,296.88032786885236,363.97948717948714,4.71206464156898,7.1,1710.77,125.93299999999999
151.29716981132074,301.5859550561799,417.7128205128205,10.70293048837381,0.2,4465.85,10.2
154.49245283018863,314.95515463917525,551.59,11.94356587320293,0.0,6578.9,15.0
154.7514925373134,209.68989361702128,3222.123076923077,8.323855428973415,1.0,27703.5,1270.06
134.01363636363638,162.31612903225803,733.0735294117646,7.628433870288269,0.30000000000000004,5595.03,19.2748
157.8601941747573,221.73526315789468,401.26153846153846,9.226819262326512,0.5,3694.81,87.4
149.10283018867926,256.78586956521764,544.37,10.05777963517461,-0.1,5505.3,69.8
140.84864864864866,210.59715909090903,1525.6717948717946,9.331524742358136,-1.1,13961.5,235.68400000000003
151.90777777777774,205.7664864864864,1407.6102564102564,3.5306105273895745,5.2,4885.73,323.92
143.44047619047615,226.23111111111112,581.7435897435898,8.572671897038077,0.8,4978.66,91.9526
150.57499999999996,247.1478021978022,1262.1179487179488,6.250664938463227,3.1,7885.17,300.08299999999997
148.8060606060607,209.35083798882667,2535.2358974358976,6.253611154375967,1.8,14980.0,396.6
165.9018867924528,309.2676767676767,534.79,5.435177359337309,5.8,3159.93,185.6
138.43125,169.79718309859155,407.7922077922078,8.527974522292991,-0.1,3447.7,2.14819
143.96799999999996,146.54626865671645,520.8933333333333,7.2878132439143,0.1,3738.75,6.2
157.3,201.45744680851064,1281.5094339622642,1.97981890459364,10.1,2463.98,248.0
155.98039215686268,222.41584699453563,920.025641025641,5.7330341963713405,3.3,5246.8,0.0
156.20661764705878,322.17675675675684,187.19,12.707051658742454,-0.4,2383.37,2.4
146.28360655737694,181.24140127388537,303.7142857142857,6.9374828135176205,0.9,2098.76,27.6693
137.53888888888892,175.59763779527557,484.70503597122297,5.257404933653933,1.8,2585.67,68.6
143.29090909090903,212.53314917127082,657.8256410256411,9.286259315850195,0.1,6126.42,34.0
158.76300000000003,275.2652173913044,590.8564102564102,5.599740489684678,4.9,3296.11,166.53400000000002
140.6221153846154,197.09378531073432,742.9487179487178,9.81962312338223,-0.7000000000000001,7301.16,219.625
149.0651376146789,198.62433862433858,1082.8820512820512,9.30572119983709,-0.6000000000000001,9868.16,124.4
149.33805309734515,282.0353260869566,648.62,11.693893959483207,-0.8,7573.74,38.2
163.2328125,313.80666666666673,523.6717948717949,10.207739237729637,0.6000000000000001,5353.8,69.6147
156.57464788732398,315.96551724137913,394.0871794871794,10.926042656186972,0.4,4317.6,36.2997
150.2838709677419,196.3398305084746,2143.2105263157896,7.642066396068015,0.0,15324.8,197.58
145.9663157894737,188.753216374269,1544.0,8.570868539922943,-0.0,12273.6,0.0
171.38653846153855,377.9232432432432,269.6102564102564,5.052797960969301,8.5,1368.94,116.8
171.0764150943396,369.6922680412372,270.075,7.355682680736831,4.7,1982.32,0.0
161.78392857142853,262.23403141361246,301.37,9.035454756611472,0.6000000000000001,2748.51,38.8
153.87887323943667,212.51833333333323,711.4666666666667,7.748350103794253,0.9,5525.43,83.8496
162.26373626373623,316.1668478260869,323.59487179487184,6.517727135861557,5.2,2093.21,197.734
140.0565217391305,188.58,931.1128205128205,8.950002478423944,-1.1,8545.64,37.2
146.26603773584912,257.33224043715853,919.246153846154,5.782738922082196,3.7,5307.93,242.278
140.6866666666666,188.7449438202248,989.9282051282053,8.158003688431174,0.4,8085.99,67.4
148.7719626168224,230.84615384615384,771.651282051282,7.742784039555535,1.7000000000000002,5982.63,0.0
144.57676767676762,295.8131979695433,204.425,10.647393909746855,0.30000000000000004,2176.55,6.6
151.5252525252526,287.89728260869583,627.5794871794873,6.8816462109202625,3.1,4349.57,161.6
166.13870967741937,280.62841530054646,2272.148717948718,3.733595895898834,8.4,8627.3,724.6
156.45967741935485,375.87692307692316,342.2153846153846,11.584183000659358,0.5,3971.73,36.8937
152.90303030303028,258.3238636363636,206.7846153846154,7.591925203977885,2.2,1564.47,35.8
148.0905263157895,272.5595505617976,369.9846153846154,10.634299416469146,-0.2,3954.55,49.1584
130.6103448275862,168.32018348623845,691.6260869565217,8.228893470963202,-1.0,5656.38,22.8
154.22299999999998,290.17365591397845,323.08205128205134,4.502388850970623,6.9,1445.0,99.0
157.7869565217391,266.9041666666666,504.5256410256411,2.786120499072497,8.8,1409.23,124.6
145.05932203389833,201.94248704663207,236.72,7.3444744846231815,1.2,1732.87,31.2
155.1033333333333,227.03532608695667,848.225641025641,8.079366278929168,0.4,6913.85,237.979
145.21159420289857,188.0363057324841,2316.682795698925,5.769492670044068,0.0,12402.5,458.727
148.47821782178212,241.0862637362637,423.3179487179487,8.564713435981929,1.0,3609.83,43.8
150.9146788990826,286.83351063829787,472.57948717948716,12.493319805106731,-1.0,6000.89,0.0
145.1095238095238,243.8178378378377,338.8205128205128,13.581598304828214,-3.1,4613.21,25.9504
138.72307692307695,122.93888888888891,317.85714285714283,8.392726591760301,-0.9,2657.35,0.0
142.95909090909097,172.56176470588227,1351.953846153846,5.562997902371119,1.8,7502.01,174.8
143.36705882352942,185.1926136363637,698.4820512820512,7.405673107985081,0.8,5163.78,73.6497
146.0166666666666,237.67795698924718,619.395,8.115811396604755,1.3,5035.76,91.9168
159.57578947368427,265.5098360655739,868.8615384615384,6.890144486153416,3.1,5982.46,191.0
146.23064516129037,182.63749999999985,391.8205128205129,8.395505529742815,0.2,3273.49,12.629000000000001
140.28000000000003,150.25294117647059,774.3421052631578,5.734684791843669,1.2,4390.81,62.4
147.98135593220331,224.76256410256389,1047.42,6.188779572664258,1.4,6579.07,0.0
156.1568,478.86378378378373,342.9589743589744,15.659723073702462,-1.0,5370.27,30.6
160.1900900900901,259.2243386243386,437.155,8.638639612951922,0.9,3789.35,61.8
163.20093457943926,273.49226519337026,1943.9589743589745,4.4228856259496885,6.7,8708.51,668.461
165.5623762376238,301.5418848167539,644.475,6.7943915590209105,4.0,4347.23,254.424
153.4560344827587,273.02055555555563,575.6051282051283,9.62508486052582,1.0,5539.47,59.521
150.44210526315794,326.725,256.475,10.40173896091236,0.7000000000000001,2754.24,29.2
141.48367346938772,203.17027027027024,822.9076923076923,8.737106694834447,-0.7000000000000001,7152.72,93.6
155.01914893617018,248.3682795698924,1161.051282051282,5.955218745169059,3.2,6895.94,303.184
149.34578313253016,247.21000000000006,845.9435897435898,9.741550324626116,0.30000000000000004,8244.73,0.0
154.63805309734508,297.593820224719,865.6820512820512,11.582099782000851,-0.30000000000000004,10041.6,79.2
148.37657657657658,219.2788043478262,299.4,8.863211893873217,-0.2,2662.01,47.4697
163.99705882352944,328.7904255319149,597.29,10.897134557752505,1.0,6511.61,70.4
150.53162393162398,216.98648648648654,3465.235897435897,4.904603231215249,3.6,16537.0,773.0
145.9655913978495,209.15549132947982,786.774358974359,9.200458216280692,0.30000000000000004,7218.57,26.6
166.50674157303376,344.54917127071815,681.8102564102563,11.24169744195317,0.7000000000000001,7650.9,80.4
148.55833333333337,220.61027027027038,2124.435897435897,5.359851785692732,3.3,11327.8,0.0
167.2745454545454,306.1005319148937,246.135,10.3245881325289,0.6000000000000001,2565.48,30.6
146.26666666666668,229.46739130434776,928.0769230769232,10.585681447713773,-0.5,9813.7,13.6
151.4485148514851,248.7193181818182,1207.9435897435894,10.471958700737416,-0.2,12658.5,102.861
154.83571428571432,308.2677595628413,319.34358974358975,13.265467625899277,-1.5,4224.4,0.0
148.65798319327737,227.52580645161288,4029.620512820513,7.056484163425712,2.4,28537.7,727.6
161.97168141592917,288.42908163265304,420.365,8.627391671523553,1.6,3665.24,101.2
147.48712871287134,246.1571428571429,1756.9230769230771,9.643816112084062,0.0,16950.6,200.8
162.75148514851494,277.7596774193546,2408.8,5.530156733004628,4.5,13495.3,680.552
163.95765765765762,280.95502645502637,630.025,6.743262568945672,3.4,4424.13,0.0
159.84098360655736,237.68010752688184,2742.5435897435896,3.6819346068407377,6.7,10085.0,741.6
138.40930232558145,165.98979591836726,450.6521739130435,6.422907863000481,1.2,2834.51,33.8
158.31962616822432,244.4759358288771,958.4820512820512,4.376743675897788,5.8,4128.09,288.246
151.23854166666672,188.42033898305087,811.2410256410257,8.981865707494686,0.0,7337.76,50.7493
165.49270833333338,348.22180851063825,228.13333333333333,6.759742390864544,5.1,1551.41,0.0
156.45416666666677,263.27219251336896,719.3948717948718,4.23011291541324,5.9,3031.96,197.6
147.60917431192658,257.4727272727273,508.85641025641024,9.437292269241233,1.0,4801.0,70.3739
140.3389380530973,209.30368421052623,714.745,10.619917592987706,-0.7000000000000001,7554.37,29.4
151.17416666666668,283.9500000000001,267.7025641025641,13.279567832650088,-1.7000000000000002,3570.51,0.0
146.57889908256882,214.22732240437173,493.56701030927843,8.987018547915444,-0.30000000000000004,4438.69,58.6
165.60560747663558,309.5510638297873,218.03,7.784064119616572,3.1,1699.99,52.2
130.00256410256412,114.77499999999998,898.9885057471263,6.420619598015651,0.0,5730.49,12.509
134.8847222222222,183.54659090909092,742.3230769230769,8.525829516486708,-1.2,6290.19,195.60299999999998
147.38429752066108,218.28253968253966,2892.7589743589747,7.91687697664194,1.3,22918.7,335.2
147.3085470085471,279.2545945945945,1120.928205128205,11.059929271071146,0.0,12403.3,104.83
147.2932203389831,278.6610810810811,1130.7435897435898,11.064020045806025,0.0,12514.3,0.0
152.50862068965515,285.1632768361583,1027.6153846153843,11.476839084761838,-0.5,11825.0,0.0
158.18584070796464,313.3390625,417.43,11.719287066094914,-0.0,4898.78,19.4
154.46800000000005,213.64232804232816,2394.246153846154,9.492441065974408,-0.6000000000000001,22686.9,113.0
149.18558558558553,255.9111702127661,1011.5384615384617,8.798708745247154,1.2,8903.9,135.8
148.97027027027028,229.1424731182796,3116.507692307692,8.475628374297985,0.2,25941.7,422.602
152.20000000000005,234.70270270270274,852.2461538461539,7.631221869208366,1.4,6457.2,116.6
153.68431372549026,197.85254237288132,938.8778625954201,3.7407616693632986,4.5,3473.6,159.7
166.42192982456146,265.97112299465243,698.251282051282,12.444413516550501,-1.7000000000000002,8706.0,18.6
159.71704545454543,265.522340425532,680.625641025641,4.553194647458597,5.8,3076.8,195.2
139.65360000000013,188.52894736842097,3168.107692307692,8.640841981219879,0.1,27391.4,221.0
147.21428571428567,171.23380281690137,1657.8125,8.344657492931196,-0.0,13686.2,26.8
143.65425531914897,202.717741935484,1003.3589743589743,10.59380235618818,-1.8,10674.3,73.8
145.53265306122455,258.06020942408395,267.915,10.752050090513782,0.0,2994.0,20.0
159.8875,283.8592592592592,189.67,5.615442610850425,4.5,1104.9,49.4
152.5739837398374,273.9875000000002,3064.585,10.050053106701226,0.0,30720.0,386.8
154.4627906976743,273.4005555555554,917.045,10.994946812860872,-0.1,10087.9,75.6
150.62173913043475,263.11587301587315,1075.4615384615388,12.785561833917464,-2.2,13606.9,21.4
151.65566037735854,211.81413043478256,485.27692307692314,10.71095858563442,-1.3,5179.9,9.4
145.82293577981656,227.1100558659217,215.39487179487182,8.465627827246323,0.8,1833.6,19.2
152.31818181818187,281.87752808988773,333.5282051282051,7.954575786463296,2.1,2646.5,56.4
160.20743801652884,299.71612903225787,453.83589743589744,11.979745304978636,-0.5,5470.3,27.6
147.73243243243243,172.58641304347816,437.70769230769235,8.23955338418099,0.1,3584.7,15.0
155.33703703703702,251.84338624338616,1048.56,7.336061837186242,1.4,7673.8,296.3
159.44957983193282,265.18333333333345,435.0307692307693,10.030321462672838,0.2,4393.5,50.9
162.92608695652177,313.22684210526296,618.555,9.76599736482609,1.6,6050.4,97.0
141.9227848101266,221.35945945945943,1704.0307692307692,8.66614783650229,0.6000000000000001,14819.4,149.2
153.42456140350876,295.7807486631014,463.4410256410257,10.381001648759003,0.7000000000000001,4815.7,45.0
162.93472222222232,305.05405405405395,489.0974358974359,5.361366829534254,5.9,2658.6,157.0
150.84913793103448,203.80380434782614,2390.153846153846,12.161266735324409,-2.1,28934.4,105.8
158.29861111111111,350.9763736263735,325.54871794871787,12.333524463627484,-0.1,4008.4,32.8
153.15703125000005,281.10662983425414,387.195,11.123499786929063,-0.1,4318.1,0.0
134.75744680851068,121.55833333333337,479.58518518518514,8.736545471395027,-1.2,4173.3,2.0
154.02735042735034,302.3532608695654,876.1794871794873,11.312202745017702,0.1,9932.9,86.8
151.14374999999995,265.1623655913978,1015.6153846153846,7.5603423464364115,2.2,7673.4,213.7
141.48227848101263,178.47611111111118,1689.6871794871795,6.528484714208967,1.1,11016.1,164.2
159.84736842105258,275.4561497326204,474.7128205128205,8.252929166351588,1.9,3880.4,0.0
145.34137931034476,195.40053475935832,1304.7692307692307,8.611873992846759,-0.30000000000000004,11279.1,0.0
142.7113043478261,272.7983870967741,3223.7435897435903,10.627051206592112,0.0,34223.9,233.0
166.8452380952381,370.74475138121534,204.00512820512824,12.564141172921747,-0.7000000000000001,2560.5,0.0
161.3000000000001,360.2790960451976,279.3589743589744,11.334151445617252,1.0,3165.8,36.6
159.89158878504668,273.6538461538462,2144.271794871795,4.879351306880825,5.6,10276.0,603.8
152.09480519480522,233.01129032258086,295.2820512820512,7.195564432094478,2.3,2134.9,49.3
162.06052631578947,307.8525139664804,2160.5589743589744,11.156966739376562,0.1,24021.6,211.3
169.46517857142854,324.85675675675674,708.035,5.914248589405893,5.8,4131.4,245.8
156.80714285714285,239.98361581920904,3520.712820512821,4.599837154189347,4.3,16104.0,879.4
165.80000000000004,355.7282051282051,143.635,5.986834685139415,6.8,876.5,59.6
167.71944444444446,330.1297297297297,529.9384615384615,5.798581354390447,6.0,3078.1,211.5
156.2631578947368,289.84722222222234,667.3948717948717,11.429353321756231,-0.30000000000000004,7617.5,41.2
157.14903846153842,259.1780104712041,688.95,9.743600406415556,0.1,6737.7,74.0
157.41267605633803,359.05888888888916,345.84615384615387,11.734485468564653,0.4,4047.0,18.3
145.40370370370368,264.710582010582,295.415,11.016107848281234,-0.1,3269.3,8.2
153.75882352941176,359.96067415730323,201.17435897435897,12.188630859823096,0.2,2449.1,12.6
148.7097087378641,246.41813471502581,1512.02,9.576951363077207,0.1,14496.9,123.6
158.36719999999994,341.21319796954333,506.08,11.649859705975336,0.4,5895.7,122.3
169.9232000000001,317.2381720430108,1296.820512820513,6.776810344827584,4.6,8768.2,407.0
164.9807692307692,309.6264550264553,291.30256410256413,5.47535384832054,5.7,1589.7,0.0
145.91473684210524,255.92258064516125,812.2051282051282,11.20000757671423,-0.7000000000000001,9155.9,118.3
126.52441860465116,159.0604519774012,1579.2871794871796,7.703433226934577,0.2,12183.5,143.1
142.53333333333333,220.89148936170213,1035.6564102564105,8.353238129663836,0.2,8520.2,115.2
154.71287128712862,269.8938461538461,748.245,10.454879083722572,-0.2,7871.2,97.2
158.09142857142857,266.30154639175254,341.36,10.632502343566907,-0.5,3680.4,48.0
155.53793103448268,247.76752577319598,665.82,10.470842720254725,-1.5,7011.7,0.0
167.41463414634148,343.55977653631294,389.2564102564103,12.645800671892495,-0.5,4927.7,9.2
139.63018867924526,161.12043010752683,3370.883495145631,6.808353374558258,-0.1,22905.4,417.4
146.32476190476186,306.96075268817214,1145.3538461538462,10.89513665018985,0.30000000000000004,12443.7,113.4
164.67717391304345,292.8423076923077,619.9846153846154,3.5973489830186023,8.6,2388.0,211.0
160.5893203883496,296.43544973544965,333.8871794871795,5.905983903667755,4.9,1965.1,95.4
151.16916666666663,348.50869565217397,544.0153846153846,11.033528463561556,0.7000000000000001,6019.8,59.4
143.52232142857147,285.5241935483872,265.105,10.691899436072497,0.5,2841.1,30.9
141.98346456692914,201.8340314136124,3055.245,7.853868347710249,0.4,23831.2,432.0
158.7008130081301,344.9735449735449,224.88,13.315750622554253,-0.9,2996.2,19.4
141.95795454545453,195.62598870056493,963.1743589743588,8.433414617264495,0.4,8215.2,131.2
154.04757281553395,285.4546961325966,399.574358974359,7.345824402890254,3.8,2277.9,93.8
162.54205607476638,281.50625,587.69,9.259208085895622,1.1,5503.2,154.9
158.35000000000005,469.68011049723725,422.948717948718,13.943719915125794,-0.5,5904.0,0.0
146.90624999999997,233.1983783783784,302.08205128205134,9.366215665636773,0.4,2887.0,21.8
153.0653846153847,292.34139784946234,358.2153846153846,12.08820792532784,-0.8,4341.0,21.9
158.86395348837206,301.3691099476439,292.30256410256413,5.263227425042543,5.9,1544.4,93.9
146.12461538461534,195.01581920903945,493.748717948718,8.339232039550897,-0.5,4163.6,149.2
142.02142857142857,120.44615384615385,254.41304347826087,7.340844227975732,-0.2,1979.3,0.0
157.72330097087377,326.93763440860215,644.75,12.977067080263664,-0.7000000000000001,8393.7,36.0
147.7991228070176,242.48804347826083,376.2153846153846,10.011533218832641,0.2,3792.9,30.4
142.29010989010987,219.78176795580112,339.0717948717948,6.531119647907559,1.1,2248.1,71.1
158.1823008849558,379.47379679144393,300.63,14.12196054951269,-1.2,4253.9,11.4
154.46642191509122,262.2783194911948,871.6569839015953,8.209767193993564,-0.30000000000000004,4590.0,30.8
161.16421052631574,292.9882978723405,470.40512820512816,6.8264409292590145,3.7,3231.5,0.0
148.82258064516128,191.42741935483863,594.9071428571427,5.507420125589826,2.6,3261.6,85.9
150.24959349593496,255.80932642487042,740.2564102564102,11.22546865258054,-0.4,8287.6,0.0
149.7024,255.51761658031097,742.4820512820512,11.212968283788273,-0.4,8301.1,42.8
162.8242718446601,285.79263157894746,1406.15,6.28644810297621,3.8,8588.4,365.2
159.35151515151517,243.27027027027032,2075.6,3.1031857331337016,9.0,6481.3,624.7
149.84634146341466,151.59896907216498,1483.4414414414416,6.862226257424298,-0.0,9703.3,0.0
161.12876712328762,308.2768361581921,2417.220512820513,11.0918128047047,0.1,26894.2,205.0
145.58181818181808,216.25,1160.0871794871796,7.745861274793669,0.9,9022.6,131.2
168.60108695652178,320.78298969072165,767.72,6.407226593028714,4.7,4965.8,0.0
146.61467889908258,168.61704545454543,547.1743589743589,6.8642873878855495,1.0,3753.9,44.8
148.66521739130437,274.07022471910096,290.75384615384615,12.169478102897855,-1.4,3535.6,4.0
144.1188118811881,260.0148936170212,808.2974358974359,11.447641766803287,-0.7000000000000001,9277.3,48.6
151.96534653465352,247.89319371727748,439.22,8.552284732024956,1.2,3742.4,70.4
143.5378378378378,167.01555555555552,660.4757281553398,7.816359199753048,0.0,5156.1,39.4
161.67745098039225,314.4447513812156,222.915,10.768111163447957,0.9,2435.1,38.6
159.81904761904758,273.8062146892656,1010.6769230769232,4.07140581077927,6.8,4165.0,0.0
155.84400000000005,233.31935483870984,2432.353846153846,6.236812921534277,2.8,15116.3,488.2
159.76767676767676,297.34535519125694,385.8820512820513,10.696290882028514,0.6000000000000001,4093.1,0.0
150.95258620689654,289.99071038251367,491.13333333333327,10.624784120454004,0.30000000000000004,5241.1,40.1
148.38536585365853,213.94293478260875,394.625641025641,8.700988928163014,0.6000000000000001,3421.5,23.2
154.17115384615386,269.46269430051814,623.775,9.367957196104367,1.0,5943.3,100.0
166.28965517241375,294.0038251366122,4328.379487179487,6.7746455711499785,3.9,29446.3,1313.4
107.6,100.16666666666669,1053.090909090909,6.127874654696133,0.0,6477.8,6.7
125.35,108.4090909090909,551.3333333333334,6.768545949214027,-0.0,3728.8,2.1
146.3,73.01428571428572,695.8888888888888,5.367619351748363,-0.0,3733.6,2.5
112.075,111.67857142857143,596.6428571428571,6.479887465581228,0.0,3860.3,12.0
154.46642191509122,262.2783194911948,871.6569839015953,8.209767193993564,-0.1,4183.1,0.0
154.46642191509122,76.3,862.0,5.973549883990719,-0.0,5135.9,0.0
162.8231707317073,289.35132275132287,280.66,8.670740397634148,1.7000000000000002,2428.2,40.2
136.59999999999997,106.58636363636364,2184.3636363636365,7.026132012651908,-0.0,15340.7,8.6
153.87010309278355,232.3804469273743,1452.0,5.996374231828773,3.2,8780.4,286.6
161.88279569892472,466.4058823529412,498.825641025641,13.280846295401506,0.4,6623.5,27.4
159.91884057971018,337.70439560439536,1002.3794871794873,11.772485470470269,-0.4,11779.5,119.3
137.0625,166.58888888888887,1488.7037037037037,8.60436123896007,0.0,12787.3,25.8
152.6050420168067,303.35303867403303,534.9794871794871,12.119141879391492,-0.8,6500.7,33.2
155.95514018691588,298.51249999999993,644.6307692307693,10.086078295665182,0.9,6475.3,91.8
172.1569105691056,378.7494736842105,27.48205128205128,12.822784101511473,-1.0,372.6,0.0
161.56074766355138,287.9104166666668,524.745,9.949614574698186,0.7000000000000001,5217.0,173.6
147.9195652173913,248.57472527472518,658.5846153846154,7.8475362860524545,1.7000000000000002,5127.8,100.2
156.20158730158738,303.2711956521738,276.7846153846154,12.240370185092544,-0.7000000000000001,3379.3,0.0
151.83186813186816,272.9284210526316,131.84615384615384,12.16728899260988,-0.4,1596.7,0.0
144.54827586206898,223.11999999999983,779.79,9.736924684851056,0.2,7585.8,0.0
140.2555555555555,129.21111111111108,8137.170731707317,7.605873977891282,0.0,61621.3,283.6
150.64552845528456,251.73595505617996,1062.6871794871795,9.76061411805582,0.4,10418.0,99.2
162.9542553191488,268.6872340425532,278.225,7.998175936741845,1.7000000000000002,2225.2,48.0
168.86238532110096,375.4836065573771,439.95897435897433,10.087093202163373,2.3,4438.1,100.2
170.93529411764703,327.1226315789473,1092.455,4.836866964772002,7.0,5653.5,403.8
135.76315789473688,155.78648648648647,2261.304878048781,8.488640812826612,-0.2,19187.4,74.2
144.86371681415932,195.25351351351344,670.1641025641027,6.819630094427698,1.4,4556.9,102.2
167.31681415929202,377.107650273224,200.32,11.860840155750802,0.1,2370.8,33.2
157.60762711864407,347.7502673796794,384.395,13.860863174599052,-1.2,5302.3,8.2
148.37849462365585,244.48609625668462,169.06153846153848,12.840749840749837,-2.3,2176.1,14.9
152.4257731958763,239.7868852459016,345.92,10.516139569842741,-0.9,3612.3,28.0
151.8415094339623,280.74764397905767,277.48,10.785633198789103,0.30000000000000004,2998.8,30.2
132.17916666666667,127.63636363636358,303.5432098765432,7.133330621873347,-0.1,2174.2,6.8
148.6892857142857,255.39263157894763,277.095,10.253052202313283,0.30000000000000004,2849.4,13.9
166.3384615384615,283.57754010695203,1894.6410256410254,5.508183946624084,5.3,10429.7,571.8
154.13398058252432,304.4559585492229,254.595,11.426347728745652,0.2,2858.4,51.9
153.26407766990297,286.3670157068065,806.8051282051282,11.625968206347293,-0.5,9369.6,85.2
148.38061224489797,288.44947916666666,775.125,11.382426060312849,-0.9,8814.2,105.9
154.78582677165363,316.1585106382978,493.54,12.50280929610568,-0.6000000000000001,6200.4,167.1
163.48079999999996,322.8842105263158,533.0512820512821,8.049355909375146,3.2,4321.6,157.3
160.30894308943095,314.8303191489362,452.14358974358976,9.315750612467102,0.9,4206.0,128.9
143.59152542372885,205.83709677419358,3523.7846153846153,8.335893081156916,0.30000000000000004,29335.0,487.2
146.49444444444444,215.60540540540538,603.6461538461539,8.381024713068447,0.30000000000000004,5134.5,72.8
155.15,236.640414507772,284.12,9.640648317612275,0.1,2736.6,21.2
139.58279569892468,205.88324607329847,758.8051282051282,7.5086107037379985,1.2,5675.9,124.3
136.30281690140842,195.68579234972674,356.58974358974365,8.490550082692174,0.4,3361.4,29.5
162.45714285714286,175.38888888888889,615.8888888888888,3.3917192855854226,5.5,2091.8,116.4
148.41978021978025,235.96187845303868,610.0666666666667,8.699374595462455,1.1,5267.6,76.3
164.53473684210525,298.1170212765958,749.705,5.442000520204616,5.5,4106.8,228.6
147.1145833333334,149.4960396039604,618.1171171171171,6.55973969188614,0.7000000000000001,4053.1,49.9
160.3748031496063,317.7605263157894,577.265,11.102049318770412,0.4,6415.9,42.6
159.13142857142856,314.55621301775165,499.40512820512816,11.244674689887464,0.1,5615.6,43.8
139.4077922077922,228.98305084745743,828.1128205128205,10.001356188305813,-0.2,8284.6,74.0
148.9346153846154,240.6589189189189,336.948717948718,10.107959820409404,-0.30000000000000004,3414.0,31.2
157.1268817204302,260.77771739130435,2585.394871794872,5.7513442374522,3.9,14704.6,0.0
151.76153846153844,275.1829787234043,315.4307692307692,11.960711440602205,-0.9,3796.8,44.7
130.79,184.436,706.3448275862069,8.500702987697716,0.0,6000.4,76.8
141.236,165.06545454545451,553.7796610169491,8.385057998959386,-0.2,4641.7,10.7
137.19014084507046,185.47582417582421,379.50256410256407,8.079017066875666,-0.7000000000000001,3061.1,11.2
147.09841269841263,248.1094972067039,548.4564102564102,9.220905291307073,0.8,5060.6,49.2
145.36981132075468,232.44594594594582,353.3025641025641,8.577656980288566,1.2,3048.8,40.2
160.0689320388349,386.7635869565215,145.71794871794873,11.146890726728845,0.7000000000000001,1651.4,41.3
159.593137254902,290.94545454545437,846.8051282051282,5.359671041077473,4.2,5917.9,290.1
164.50740740740738,252.4483516483516,504.5846153846154,8.774200662642029,0.7000000000000001,4415.8,92.4
152.4087378640777,266.64060913705583,194.9,10.926198050282192,-0.30000000000000004,2171.4,26.6
156.72336448598136,397.44677419354826,188.965,14.828330643240811,-1.3,2809.7,18.9
147.83663366336634,274.0796791443849,859.5179487179488,12.011127286612654,-1.1,10307.8,116.4
154.92784810126582,242.24148936170215,1108.1641025641027,5.6017821113229544,3.1,6152.2,221.4
150.2288659793814,303.1265957446809,387.54871794871787,12.795314402159535,-1.2,5037.3,6.2
153.49464285714282,221.64587155963304,943.9916666666667,3.1660678501752315,6.8,2996.8,232.3
151.71749999999994,214.0444444444444,1825.17,11.598336045409464,-1.3,21100.3,48.9
138.57,162.19333333333338,2460.222222222222,6.643205220847259,0.1,16503.0,0.0
164.44521739130428,265.8742857142857,905.4051282051282,5.2096780588375236,5.0,4783.8,270.6
165.81099999999995,294.10052083333335,764.275,10.461903110791283,0.4,7887.5,104.4
164.8712962962962,278.2425531914893,665.965,6.506233811086173,3.8,4332.8,165.8
154.73728813559322,270.1189473684212,1488.31,9.861156277925973,-0.1,14703.3,219.4
137.14421052631582,202.6967213114754,509.1384615384615,7.907776837694651,1.1,4326.1,141.9
139.01470588235293,185.3236994219653,1128.3435897435895,9.227767501261207,-0.30000000000000004,10384.4,23.7
154.46642191509122,262.2783194911948,871.6569839015953,8.209767193993564,-0.1,14598.4,373.0
143.47787610619466,291.1179347826088,396.12307692307695,11.25141629123298,0.1,4458.2,34.2
161.60270270270257,279.5544502617799,677.19,5.845620136150866,4.7,3942.3,185.2
163.69674796747972,271.7958549222799,1036.2461538461541,8.785510323257514,1.6,9106.7,0.0
140.25982905982903,219.70952380952374,1365.430769230769,8.994451267374993,0.6000000000000001,12317.5,114.8
144.71216216216214,187.26222222222216,2748.4410256410256,8.532837636627576,-0.4,23606.3,204.2
160.5719512195122,347.0790322580647,216.5025641025641,12.236785257473118,0.1,2649.3,8.2
144.98064516129037,290.919540229885,813.2820512820513,11.533093511570726,-0.30000000000000004,9378.1,0.0
158.48194444444445,344.52737430167605,824.8358974358973,12.70119681925854,-0.7000000000000001,10461.6,0.0
143.34285714285716,194.468115942029,3804.909090909091,4.702288567742289,3.6,17043.8,849.1
141.37717391304346,175.4187845303867,927.3128205128204,9.199053233495187,-0.7000000000000001,8519.5,58.6
151.9641221374047,223.82916666666668,447.94,9.465795642273509,0.2,4248.7,56.0
