average_hr,average_watts,moving_time,average_speed
174.86666666666667,362.36734693877514,333.965,5.201884928061324
169.89999999999992,325.5574468085106,430.545,5.458740665900196
159.47403846153853,283.99999999999994,364.44,5.563989957194601
164.64787234042555,277.5265957446809,343.94358974358977,5.1957431898492565
164.4646464646465,307.9378378378378,296.48205128205126,5.716841941398276
167.68800000000002,307.50055555555554,401.3025641025641,6.109188028726965
159.1081818181818,312.860220994475,409.2974358974359,3.9650683472617247
166.78035714285718,318.6276595744681,446.26666666666665,5.154636758520836
166.18571428571425,319.3989417989417,609.7,6.182529932753812
158.61975308641973,280.3822222222221,274.4923076923077,5.532875611852181
161.1737373737374,257.6791443850268,1427.8307692307692,5.111690676550768
167.5022222222222,314.6505434782609,491.35897435897436,5.011946981161614
163.8380952380952,291.9016216216216,619.0564102564102,5.774769707412437
160.09599999999998,246.63406593406594,650.9076923076923,3.698429806109024
160.23972602739727,263.1114583333333,299.135,5.432080833068684
158.1576086956522,268.9855555555556,2166.1384615384613,4.191008932355108
158.46562499999996,265.8565934065934,1644.5076923076922,5.888755733927076
168.00756302521003,307.78201058201057,1100.08,5.719291324267327
156.9711111111111,233.75561497326188,809.4051282051282,3.5750047518278696
156.73203883495142,248.5090425531915,550.4572864321608,5.665509717822553
163.77978723404246,310.68469945355207,306.6974358974359,5.943194662742868
157.1971698113208,257.4526041666666,437.53,5.431659543345599
154.40499999999997,248.25083798882673,1044.148717948718,5.93572877426833
156.19903846153846,257.8572222222222,751.4205128205128,4.979456345929421
158.25319148936168,281.98756756756757,425.43589743589746,6.1831581485053
165.2828282828283,275.7439153439153,1560.4717948717948,3.280796077451921
161.28000000000003,217.4,695.4285714285714,3.39996918652424
161.55999999999995,288.88105263157894,549.5589743589744,6.51317606658953
157.94519230769234,299.01263736263724,603.6461538461539,4.720042307006142
169.32747252747254,299.31709844559583,289.48,6.485055962415363
164.58365384615382,282.9875,1720.085,5.239034989549937
154.46642191509122,262.2783194911948,871.6569839015953,8.209767193993564
172.88478260869562,347.3473684210524,440.87,6.062365323111123
167.22429906542064,328.6637362637364,494.1948717948718,4.551369749294372
162.5247422680413,330.2251308900524,210.125,6.56306960142772
162.4701923076923,273.8785714285715,637.1333333333333,4.039247108442464
172.616037735849,306.78274111675137,489.86,4.861926877066919
163.3205128205128,329.81428571428563,586.98,11.444380558111009
161.2591836734694,294.42849740932644,345.82,7.367337053958703
155.603488372093,270.7581005586592,406.425641025641,5.80828359809723
171.65882352941173,377.9481675392669,203.19,6.012564594714306
167.33949579831932,334.0683333333333,249.4923076923077,7.417008900125383
159.81553398058253,299.97741935483856,414.8410256410256,4.7201510618834535
151.12708333333327,250.35549738219916,333.775,6.053411729458467
162.49743589743596,253.51368421052624,2026.9435897435897,3.4186416835756237
159.3638554216867,272.84835164835187,653.1897435897436,4.326081085324871
160.50930232558136,284.9430167597765,917.0871794871795,6.880861367093138
154.86640624999987,207.61249999999987,5044.076923076923,7.011592372877042
161.14090909090913,270.18804347826085,570.4358974358975,5.777802849822446
169.62280701754383,306.21846153846167,1076.475,5.489833019810028
166.0817204301075,309.50219780219766,596.7435897435897,3.6714690843466666
171.0042016806723,381.7628272251309,88.04615384615384,12.433449822354236
156.7932584269663,267.19585492227986,627.21,9.72015114554934
150.56250000000003,238.6452513966481,487.65128205128207,5.709510789551174
165.75130434782608,323.99384615384633,546.835,6.004005778708385
161.89342105263154,305.85911602209944,802.4615384615385,3.8702677658486686
156.75833333333335,380.3031746031746,251.85128205128206,12.433978131172243
165.34590163934428,383.9426966292134,296.14358974358976,12.941797118514922
148.40077519379852,246.62789473684208,1154.179487179487,9.758005909403945
170.76140350877196,309.24756756756756,723.735,4.571633263556413
168.65765765765755,314.3518918918919,1402.285,6.4921392584246425
170.88558558558555,404.60797872340436,175.4974358974359,10.60048214598797
163.06346153846158,236.81075268817202,854.7794871794872,3.350020398123373
161.55142857142866,267.1933701657459,2354.451282051282,4.592466206944622
166.5913043478261,262.83487179487184,1140.5,10.268422621657168
168.01250000000002,331.1663157894737,133.25641025641025,11.725268424090823
151.98118811881193,245.50928961748656,375.3179487179487,11.658387418530612
162.45909090909095,277.6821621621623,488.75897435897434,6.623352709111509
160.0371428571429,267.4699999999999,422.7846153846154,8.934253969409168
159.21467889908257,256.07771739130425,172.87692307692308,9.839776334134257
165.6720720720721,326.3738219895289,314.86,10.031309153274467
146.16326530612244,317.02921348314607,1435.0974358974358,11.207416632123618
176.69795918367353,309.6376344086022,430.87,4.396259892775084
164.89120879120873,278.8603174603175,211.08205128205128,11.474045820072398
169.83473684210523,341.66141304347803,276.785,6.954345430568857
158.26960784313727,315.4463917525775,277.435,11.406327608268601
160.72980769230773,275.20430107526903,2112.75,5.443579221393915
158.34725274725278,277.09788359788365,751.78,5.981709409667725
174.54351851851843,312.71223404255323,1316.4923076923078,5.10283114414372
154.68455284552846,312.07360406091385,1085.955,11.08505278763853
160.24273504273503,273.406282722513,911.5025641025641,5.506418818181308
154.3718518518518,256.4736559139786,704.65,10.694997516497551
155.1700934579439,255.45572916666654,422.14,9.531259771639741
149.78083333333336,215.94093264248707,365.87,10.658405991199066
159.89589041095888,311.9610526315789,166.285,4.816369486123224
161.46736842105264,277.36132596685076,1818.3384615384616,3.8792408397635474
174.5782945736434,359.2640211640211,426.47,5.546691443712341
145.08960000000002,240.57135135135138,1003.845,10.139317324885818
153.29814814814816,243.88548387096773,927.35,6.844878956165415
142.8347368421053,225.6028735632184,479.73333333333335,10.582954205327743
142.54315789473685,240.95164835164837,1424.2358974358974,12.64703700769823
167.93142857142863,297.61929824561395,1610.3384615384616,4.693722931315601
153.18250000000003,312.75181347150266,417.18,11.733030106908288
151.33749999999992,237.06021505376356,1375.56,7.467115211259416
150.77,265.96512820512794,1113.63,10.013214891840198
158.14513274336278,304.969109947644,772.14,11.560806978009177
149.6414414414414,223.88290155440393,553.285,12.84584075114996
150.9760563380282,242.19946808510633,415.4307692307692,7.128663481835351
157.87422680412374,269.221978021978,821.1179487179487,5.091415081377486
153.79759036144577,247.64530386740338,1450.5435897435898,5.561205701841218
153.7061855670103,243.935,1077.246153846154,5.0114127666462
160.5754716981132,276.6999999999999,348.4,5.743842915599517
170.93846153846164,298.1155080213905,1480.64,4.790688823751892
165.1235849056603,291.1486486486489,817.8307692307692,4.266000112868939
163.1602150537634,297.2385869565219,635.6,6.255312162140352
154.0769230769231,238.48268156424578,1285.8307692307692,7.128062073008772
151.58083333333335,415.63817204301057,953.574358974359,13.235065368088755
152.18526315789472,189.62402234636866,806.8820512820513,9.049955510925248
151.32727272727266,237.18191489361703,2643.0410256410255,5.054977463799469
159.19150943396227,273.36827956989265,1696.83,5.970914587790175
163.8105769230769,272.46243093922664,756.251282051282,3.063057998630219
163.92095238095234,281.9783783783783,1697.3692307692309,4.523728122252536
161.69652173913047,283.5870967741936,653.0307692307692,5.945543069396349
164.77900000000002,296.1707692307692,199.465,11.567686060211065
148.52777777777777,240.70880829015522,784.985,7.495794187150075
159.71999999999997,249.74354838709678,1482.923076923077,4.524628073451602
168.81862745098042,313.941489361702,777.8256410256411,3.5394960310134764
145.38130081300812,206.93606557377038,6046.066666666667,7.415935938007583
146.99545454545455,216.12637362637355,784.0051282051282,8.453094890797418
157.73523809523806,274.3164102564101,433.88,10.65244422420945
163.24698795180726,268.2529411764706,183.735,10.417065338667104
144.92017543859652,237.63560209424085,1042.665,9.860386605477315
150.88681318681319,326.83390804597695,563.6461538461539,12.275705798327733
172.7036363636364,326.17712765957435,1157.765,4.883010369116358
153.18194444444447,242.90315789473698,296.13,10.330241785702226
168.92340425531916,294.8000000000002,1833.1641025641027,4.500790282739384
153.77589285714285,234.81420765027315,272.67,9.078915905673526
161.77209302325576,281.09841269841263,513.4769230769231,4.141680648769573
153.9387755102041,219.2278350515463,126.425,11.594455210599163
164.8992,276.16084656084666,436.94358974358977,10.413159006619406
153.12110091743116,272.3197802197803,343.55897435897435,10.444274114099766
162.26461538461535,305.9179775280899,210.6153846153846,11.35718529340152
160.70729166666663,280.4298913043481,946.7794871794872,4.701123376412344
157.67777777777778,322.57357512953376,319.855,11.571996685998348
161.6040816326531,280.90893854748595,1266.928205128205,4.520851565061464
160.11826923076927,251.0471204188483,473.20512820512823,9.267837442427522
136.57872340425538,143.6506024096386,274.2102564102564,6.1494847674440365
173.61970802919708,350.0094444444442,565.429292929293,7.682134786298066
153.99787234042552,255.67765957446812,344.24615384615385,10.512814324871883
150.54777777777784,251.09834254143647,617.974358974359,9.296968590514906
160.78969072164946,329.9480446927374,483.34871794871793,8.680008063403822
150.57520661157025,302.71388888888896,433.1179487179487,11.01670534466836
169.35887850467284,294.88663101604277,810.774358974359,7.382920411635599
144.55,232.18514285714303,1524.3333333333333,10.779901428114853
142.69450549450548,194.37486338797814,1155.7333333333333,8.162007028504487
164.11699999999996,271.82239583333325,1063.5076923076922,4.622053774640281
161.1933333333334,340.9443243243245,412.155,11.810402639783579
165.77378640776706,287.0464864864864,814.6666666666666,4.925090645851695
150.15090909090904,253.94382022471922,683.0512820512821,12.57857201846916
153.15963302752291,307.4287234042552,473.205,11.326935471941336
157.95428571428567,289.06363636363653,662.8461538461538,10.339810452206871
155.16719999999995,331.5357512953366,269.84,14.39909020160095
133.60153846153844,181.2570621468927,304.51794871794874,7.641920816422752
148.49065420560743,294.8513661202184,1074.2666666666667,10.025285704738359
152.12905982905988,229.80312500000002,1220.96,8.274836194469929
164.90825688073397,295.5121052631577,941.17,5.749444308679619
161.55076923076928,326.0178010471204,342.14,10.773214181329278
158.56268656716418,318.31789473684216,400.15,10.91040859677621
148.92288135593222,243.39842105263145,1933.965,7.116068543122545
168.30520833333335,334.15132275132265,354.64,5.627250169185657
144.1645669291339,189.21170212765958,2648.271794871795,7.883419666042494
142.5389473684211,192.17213114754105,661.0358974358975,8.169986501373138
158.68163265306126,270.3807692307693,807.3333333333334,6.210208981769678
157.08437499999997,257.94395604395606,596.0461538461539,5.735242495418526
150.47924528301888,265.5767567567569,506.7230769230769,13.140432745342121
156.82105263157888,341.4174863387979,195.69230769230768,11.817279874213833
164.55121951219513,288.3956284153007,331.6051282051282,5.69905974050075
159.3581632653062,315.44972972972977,416.0820512820513,8.552977716426742
153.82000000000002,277.7601123595507,245.89743589743588,10.749876955161636
162.82500000000005,344.44010989011,659.8102564102564,10.15603942081251
156.8391304347826,253.26648936170204,657.8153846153846,8.46712895832359
141.05714285714288,159.92556818181822,416.03076923076924,7.713801987032516
157.11649484536082,263.2180327868851,805.8410256410257,7.939330147194529
164.60270270270277,268.3497237569061,1268.4820512820513,5.02563977133986
155.08469387755102,285.8698412698413,556.4512820512821,11.209111770560698
140.14691358024692,174.0562841530055,386.9076923076923,8.782840934695875
156.7283185840708,307.1853260869564,1374.865,11.245193891763913
153.24,224.81639344262302,370.2307692307692,9.759339289424473
158.9793103448276,253.42948717948724,393.62068965517244,2.8224850343115784
162.31460674157304,294.225925925926,734.225641025641,5.276590721779098
168.83387096774192,321.0704301075269,1413.6051282051283,6.7302844518289335
157.13025210084038,293.2256684491979,351.97,4.643192601642184
170.07227722772285,306.09835164835164,1750.0615384615385,5.8033314579414075
150.07619047619045,183.70059523809525,231.64102564102564,9.47448749169802
164.61287128712866,296.06736842105255,1040.545,10.856621289804854
159.59636363636358,258.9313186813187,1619.0871794871796,6.706657122405155
160.102752293578,251.5668508287293,936.8358974358974,6.140933201228357
152.8689320388349,280.79617486338805,499.825641025641,6.099423388668868
139.41739130434777,192.77016574585633,788.77,8.711995258440355
158.2528301886793,336.05303867403313,605.645,13.214160935861768
155.2183333333333,337.71999999999997,722.055,11.06246684809329
142.42450980392155,229.30489130434782,507.3897435897436,7.504030684953658
158.9763157894737,299.5487179487178,386.98,4.002400640859991
148.96296296296293,318.72076502732244,1087.574358974359,11.275912522338585
147.71326530612242,216.2032258064516,3245.9128205128204,5.3632775261354295
158.69029126213596,230.62362637362645,2756.748717948718,5.010012910042673
153.06263736263736,226.11868131868135,733.6461538461539,8.282346691271558
148.71428571428575,225.35405405405402,466.4871794871795,7.872310229209029
152.8506493506493,252.36939890710386,563.225641025641,3.359772919720656
153.68813559322038,217.90395480225993,1658.0461538461539,5.837335572607859
168.92135922330095,298.6529100529099,432.01,5.1606270688178535
162.22758620689658,319.05027027027035,765.1333333333333,9.681256157800545
157.39814814814815,290.6951086956522,267.9076923076923,12.03250832663374
152.10000000000008,267.0256983240224,442.4769230769231,12.197133850237016
157.13650793650797,307.97283236994235,1800.1076923076923,10.851194942752713
160.19677419354835,277.54945054945046,520.3230769230769,8.211862452322523
155.13603603603602,256.34486486486486,1172.4717948717948,6.494293012351723
146.73636363636362,242.90489130434796,223.16923076923078,10.86789374511696
152.99829059829057,224.76464088397788,3169.225641025641,3.8826957648798777
147.98135593220337,225.08469945355216,3690.497435897436,7.1020822708911435
160.5999999999999,289.7489361702128,774.885,4.651860598669478
169.7414634146341,304.4624309392264,743.0512820512821,6.890105938783258
163.38557692307688,270.346195652174,2116.369230769231,4.710857249474185
151.66494845360825,249.43675675675658,2481.1384615384613,5.889240051093172
144.93229166666663,183.0614525139665,2000.0205128205127,7.307185823735141
149.6,129.6,1721.2857142857142,6.910814175450247
155.83717948717944,231.11630434782617,1068.7846153846153,7.653947210586672
153.20088495575223,285.5877094972067,279.0615384615385,11.493167576308869
138.21212121212122,134.17368421052635,451.8820512820513,6.545147928322568
147.93124999999998,174.93464566929143,872.4697986577181,6.934350528469668
159.26756756756748,264.4458100558659,791.51,6.820737577541657
156.17766990291258,272.3122994652407,928.0461538461539,9.265974835469063
153.9090909090909,136.4875,1450.1176470588234,6.870063280869708
141.9449275362319,189.65921052631575,436.0542168674699,9.150111210886228
160.9989130434783,241.0392473118279,666.1435897435897,4.646637361622196
146.56907216494852,219.91000000000005,2839.0871794871796,6.830510528844592
152.64615384615385,198.93307086614178,1869.820143884892,4.028458859968065
166.4808080808081,294.56,1561.1897435897436,3.6940824223471904
141.81797752808993,217.28409090909096,740.9025641025642,9.735102023865558
150.84285714285718,240.8096256684492,1191.3794871794871,4.53131340957907
152.2185185185185,267.2389189189187,476.9025641025641,10.570700890360872
139.6267605633803,204.8877094972068,293.98974358974357,9.861606893664524
156.42903225806452,263.22608695652167,806.5282051282052,6.733987397709722
145.54945054945054,226.17016574585634,304.8974358974359,7.653749894878477
158.08181818181816,258.12072538860116,538.1282051282051,9.104708629151377
165.740206185567,292.40170454545466,1171.425641025641,6.230451608384259
153.9566037735849,199.2605555555557,2019.7846153846153,2.3385057558815623
150.62266666666665,269.56684782608687,106.13333333333334,12.905445496714343
152.45909090909092,211.68907103825137,845.348717948718,3.387904854922564
164.00641025641022,289.97765363128485,2119.5846153846155,5.124405604387893
156.90357142857144,340.9677595628413,357.53846153846155,11.298792312105565
156.89361702127658,262.524607329843,360.44615384615383,7.166158749128572
169.22500000000002,298.4622340425531,3195.045,5.526060509319898
141.49583333333328,183.29662921348327,403.85128205128206,7.78429480260568
167.7554216867469,287.5121546961326,346.2564102564103,5.7907316350710865
152.49368421052634,280.7319148936172,158.5897435897436,13.46790622473727
139.00555555555556,256.0228260869568,205.75384615384615,10.861165943871192
153.92777777777775,240.51098901098914,1206.3384615384616,4.313752571885258
157.88770491803285,268.3715053763441,974.135,6.446845663075448
143.85294117647058,177.3452380952381,1150.340909090909,8.467063123579967
168.53979591836736,350.11032608695626,350.87,9.570412118448422
155.71538461538464,277.8290155440415,212.445,9.43952552425334
167.98305084745763,339.0994535519126,827.4974358974359,8.436258846568581
154.07073170731704,230.71195652173918,262.45641025641027,10.017417300064482
146.15714285714284,200.98287292817673,466.66153846153844,6.685210826492595
142.17653061224487,288.24335260115606,302.8974358974359,11.105187505290779
157.58735632183914,289.5083798882682,597.2410256410257,6.74001648606412
155.08255813953488,256.69184782608676,195.34,10.329876113443225
136.89999999999998,169.05757575757573,395.94117647058823,4.694755608379142
170.51703703703703,282.7775401069518,985.3589743589744,4.815157303078402
162.19090909090912,249.8489361702128,1549.3282051282051,6.981066069992285
150.22252252252247,269.00833333333327,814.54,10.79656370466767
153.78585858585856,258.91546961325963,314.04102564102567,11.638688396093928
151.25922330097083,224.86772486772495,580.3846153846154,11.027035122597752
160.01313131313128,239.61587301587286,296.1589743589744,5.2318505307267404
151.46363636363634,224.8021857923497,588.625641025641,8.295536756634311
147.39649122807018,227.90108108108117,562.6102564102564,4.786631908047655
143.78125000000006,234.65027322404387,304.1025641025641,8.159618887015181
152.30921052631584,287.4475138121547,303.14358974358976,11.618632111379908
146.86991150442478,234.37291666666673,438.33,9.607340360002738
149.0257575757575,222.42737430167588,863.8556701030927,6.70869632670597
160.49428571428572,285.08324607329854,282.2,6.235070871722183
166.1864583333333,321.4732984293194,418.8871794871795,5.702252610702353
154.75959595959594,273.81658031088074,391.82,10.463915828696852
175.49694656488558,386.7708108108108,245.8,7.041055736371029
165.43571428571423,266.74699453551926,239.47179487179488,5.731995631411014
147.24051724137922,229.6280898876405,404.93333333333334,11.717165218712799
165.14941176470595,336.6290502793294,602.2974358974359,12.605246577208632
157.98207547169804,245.22362637362633,593.4512820512821,7.224387546123069
138.30689655172415,162.02499999999998,533.0860215053764,6.533537729188939
150.02105263157893,214.9751351351351,474.43589743589746,8.105857428525102
156.63043478260875,252.92817679558007,1271.8410256410257,6.420964964981107
143.15846153846147,188.4546666666666,332.1011235955056,9.380513922251922
146.67549019607847,223.08152173913044,943.2666666666667,10.466100893240627
141.79767441860463,211.10515463917525,1942.335,6.8002182939606195
148.10291262135922,212.98483146067406,523.0410256410256,8.303925759610955
168.94732142857134,308.8722513089006,1388.915,4.675902053041404
147.88658536585365,249.32582417582415,342.8615384615385,9.6641927667594
146.48938053097342,260.2553191489362,1387.9897435897435,10.3522194060401
153.98818897637793,327.05641025641023,333.76,12.09418594199425
156.88854166666667,287.9943298969073,200.935,6.11585836215692
165.70091743119258,277.3431578947369,1178.7384615384615,4.1461144900676095
154.75777777777787,204.19243243243258,416.9025641025641,10.262718952962018
148.02346938775514,253.21264367816096,203.1076923076923,11.269037519567732
144.15241935483866,315.86885245901635,550.3794871794872,13.018612798628443
145.8609195402299,311.4397790055248,222.15384615384616,12.431147276084953
134.1112149532711,171.2282608695652,374.1384615384615,9.845944871636716
157.69532710280373,308.7718918918917,149.59,11.948114847249148
161.61428571428573,273.7522222222221,1263.8564102564103,3.3034643662863363
133.12745098039218,141.6331325301205,247.54358974358973,8.679142756520479
162.33804347826091,296.88032786885236,363.9794871794872,4.71206464156898
151.29716981132074,301.5859550561799,417.7128205128205,10.70293048837381
154.49245283018863,314.95515463917525,551.59,11.94356587320293
154.75149253731342,209.68989361702126,3222.123076923077,8.323855428973415
134.01363636363638,162.31612903225803,733.0735294117648,7.62843387028827
157.8601941747573,221.73526315789468,401.26153846153846,9.226819262326512
149.10283018867923,256.78586956521764,544.37,10.05777963517461
140.84864864864866,210.59715909090903,1525.6717948717949,9.331524742358136
151.90777777777777,205.76648648648637,1407.6102564102564,3.5306105273895745
143.44047619047615,226.2311111111111,581.7435897435897,8.572671897038077
150.57499999999996,247.1478021978022,1262.1179487179488,6.250664938463226
148.8060606060607,209.3508379888267,2535.2358974358976,6.2536111543759665
165.90188679245279,309.2676767676767,534.79,5.435177359337308
138.43125,169.79718309859155,407.7922077922078,8.527974522292991
143.96799999999996,146.54626865671645,520.8933333333333,7.287813243914301
157.3,201.45744680851064,1281.5094339622642,1.9798189045936396
155.9803921568627,222.41584699453563,920.025641025641,5.7330341963713405
156.20661764705878,322.17675675675684,187.19,12.707051658742456
146.28360655737694,181.24140127388537,303.7142857142857,6.937482813517621
137.5388888888889,175.59763779527555,484.705035971223,5.257404933653933
143.29090909090905,212.5331491712708,657.8256410256411,9.286259315850195
158.76300000000003,275.26521739130436,590.8564102564103,5.599740489684678
140.6221153846154,197.0937853107343,742.9487179487179,9.81962312338223
149.06513761467886,198.62433862433858,1082.8820512820512,9.30572119983709
149.33805309734515,282.0353260869566,648.62,11.693893959483209
163.2328125,313.80666666666673,523.6717948717949,10.207739237729635
156.57464788732398,315.9655172413791,394.08717948717947,10.92604265618697
150.2838709677419,196.3398305084746,2143.2105263157896,7.6420663960680155
145.9663157894737,188.753216374269,1544.0,8.570868539922943
171.38653846153855,377.92324324324323,269.6102564102564,5.0527979609693014
171.07641509433958,369.6922680412372,270.075,7.355682680736831
161.78392857142853,262.23403141361246,301.37,9.035454756611472
153.87887323943667,212.51833333333323,711.4666666666667,7.748350103794252
162.26373626373623,316.16684782608695,323.5948717948718,6.517727135861557
140.0565217391305,188.57999999999996,931.1128205128205,8.950002478423944
146.26603773584912,257.3322404371585,919.2461538461539,5.782738922082195
140.6866666666666,188.7449438202248,989.9282051282051,8.158003688431174
148.7719626168224,230.84615384615384,771.651282051282,7.742784039555535
144.57676767676764,295.8131979695433,204.425,10.647393909746855
151.5252525252526,287.8972826086958,627.5794871794872,6.881646210920263
166.13870967741937,280.62841530054646,2272.148717948718,3.733595895898834
156.45967741935485,375.8769230769231,342.2153846153846,11.58418300065936
152.90303030303028,258.32386363636357,206.7846153846154,7.591925203977885
148.0905263157895,272.5595505617976,369.9846153846154,10.634299416469146
130.6103448275862,168.32018348623845,691.6260869565217,8.228893470963202
154.223,290.17365591397845,323.0820512820513,4.502388850970623
157.7869565217391,266.9041666666666,504.52564102564105,2.786120499072497
145.0593220338983,201.94248704663207,236.72,7.344474484623181
155.10333333333327,227.03532608695667,848.225641025641,8.079366278929168
145.21159420289857,188.03630573248407,2316.6827956989246,5.769492670044069
148.47821782178212,241.08626373626367,423.3179487179487,8.564713435981929
150.9146788990826,286.8335106382979,472.57948717948716,12.49331980510673
145.1095238095238,243.8178378378377,338.8205128205128,13.581598304828217
138.72307692307695,122.9388888888889,317.85714285714283,8.392726591760301
142.95909090909097,172.56176470588227,1351.9538461538461,5.562997902371119
143.3670588235294,185.19261363636372,698.4820512820513,7.405673107985081
146.0166666666666,237.67795698924718,619.395,8.115811396604755
159.57578947368424,265.5098360655739,868.8615384615384,6.890144486153416
146.23064516129037,182.63749999999985,391.8205128205128,8.395505529742815
140.28000000000003,150.25294117647059,774.3421052631579,5.73468479184367
147.98135593220331,224.7625641025639,1047.42,6.188779572664257
156.1568,478.86378378378373,342.95897435897433,15.65972307370246
160.19009009009014,259.22433862433866,437.155,8.638639612951923
163.20093457943926,273.49226519337026,1943.9589743589743,4.422885625949688
165.5623762376238,301.5418848167539,644.475,6.79439155902091
153.4560344827587,273.02055555555563,575.6051282051282,9.62508486052582
150.44210526315794,326.72499999999997,256.475,10.401738960912361
141.48367346938772,203.17027027027024,822.9076923076923,8.737106694834448
155.0191489361702,248.36827956989242,1161.051282051282,5.955218745169059
149.34578313253016,247.21000000000006,845.9435897435898,9.741550324626115
154.63805309734508,297.593820224719,865.6820512820512,11.582099782000851
148.37657657657658,219.2788043478262,299.4,8.863211893873217
163.99705882352944,328.7904255319149,597.29,10.897134557752503
150.53162393162398,216.98648648648657,3465.2358974358976,4.904603231215249
145.9655913978495,209.15549132947982,786.774358974359,9.200458216280692
166.50674157303374,344.5491712707181,681.8102564102564,11.24169744195317
148.55833333333337,220.61027027027035,2124.4358974358975,5.359851785692732
167.2745454545454,306.1005319148937,246.135,10.3245881325289
146.26666666666668,229.46739130434779,928.0769230769231,10.585681447713771
151.4485148514851,248.7193181818182,1207.9435897435897,10.471958700737417
154.83571428571432,308.2677595628413,319.34358974358975,13.265467625899278
148.65798319327737,227.52580645161288,4029.620512820513,7.056484163425713
161.97168141592917,288.42908163265304,420.365,8.627391671523553
147.48712871287134,246.15714285714293,1756.923076923077,9.643816112084062
162.75148514851494,277.75967741935466,2408.8,5.5301567330046275
163.95765765765765,280.9550264550264,630.025,6.743262568945672
159.84098360655736,237.6801075268818,2742.5435897435896,3.6819346068407377
138.40930232558145,165.98979591836726,450.6521739130435,6.422907863000481
158.31962616822432,244.4759358288771,958.4820512820513,4.376743675897788
151.23854166666672,188.42033898305087,811.2410256410257,8.981865707494686
165.49270833333335,348.22180851063825,228.13333333333333,6.7597423908645435
156.45416666666674,263.27219251336896,719.3948717948718,4.2301129154132395
147.6091743119266,257.4727272727273,508.85641025641024,9.437292269241233
140.3389380530973,209.30368421052623,714.745,10.619917592987708
151.17416666666668,283.9500000000001,267.7025641025641,13.279567832650088
146.5788990825688,214.22732240437173,493.5670103092784,8.987018547915444
165.60560747663556,309.5510638297873,218.03,7.784064119616571
130.00256410256412,114.77499999999998,898.9885057471264,6.42061959801565
134.8847222222222,183.5465909090909,742.3230769230769,8.525829516486708
147.38429752066108,218.28253968253972,2892.7589743589742,7.91687697664194
147.30854700854707,279.2545945945945,1120.928205128205,11.059929271071146
147.29322033898313,278.6610810810811,1130.7435897435898,11.064020045806025
152.50862068965515,285.1632768361583,1027.6153846153845,11.47683908476184
158.18584070796464,313.3390625,417.43,11.719287066094914
154.46800000000002,213.64232804232816,2394.246153846154,9.492441065974408
149.18558558558553,255.91117021276614,1011.5384615384615,8.798708745247154
148.97027027027028,229.14247311827964,3116.507692307692,8.475628374297985
152.20000000000002,234.70270270270274,852.2461538461539,7.631221869208366
153.68431372549023,197.85254237288135,938.8778625954199,3.740761669363298
166.42192982456146,265.9711229946524,698.251282051282,12.444413516550501
159.71704545454543,265.522340425532,680.625641025641,4.553194647458598
139.65360000000013,188.52894736842097,3168.107692307692,8.64084198121988
147.21428571428567,171.23380281690137,1657.8125,8.344657492931196
143.65425531914897,202.71774193548396,1003.3589743589744,10.593802356188181
145.53265306122452,258.06020942408395,267.915,10.752050090513782
159.8875,283.8592592592592,189.67,5.615442610850425
152.5739837398374,273.9875000000002,3064.585,10.050053106701228
154.4627906976743,273.40055555555546,917.045,10.994946812860874
150.62173913043475,263.11587301587315,1075.4615384615386,12.785561833917463
151.65566037735852,211.81413043478258,485.2769230769231,10.71095858563442
145.82293577981656,227.11005586592174,215.3948717948718,8.465627827246323
152.31818181818187,281.87752808988773,333.5282051282051,7.954575786463296
160.20743801652884,299.71612903225787,453.83589743589744,11.979745304978636
147.73243243243243,172.58641304347816,437.7076923076923,8.23955338418099
155.33703703703702,251.84338624338616,1048.56,7.336061837186242
159.44957983193282,265.18333333333345,435.03076923076924,10.030321462672838
162.92608695652177,313.226842105263,618.555,9.76599736482609
141.92278481012661,221.35945945945943,1704.0307692307692,8.66614783650229
153.42456140350876,295.78074866310146,463.44102564102565,10.381001648759003
162.93472222222232,305.05405405405395,489.0974358974359,5.361366829534254
150.84913793103448,203.80380434782617,2390.153846153846,12.161266735324409
158.29861111111114,350.9763736263735,325.5487179487179,12.333524463627484
153.15703125000002,281.1066298342541,387.195,11.123499786929065
134.75744680851068,121.55833333333337,479.5851851851852,8.736545471395027
154.02735042735034,302.35326086956536,876.1794871794872,11.312202745017702
151.14374999999998,265.1623655913978,1015.6153846153846,7.5603423464364115
141.48227848101263,178.4761111111112,1689.6871794871795,6.528484714208968
159.84736842105258,275.4561497326204,474.7128205128205,8.252929166351588
145.34137931034476,195.4005347593583,1304.7692307692307,8.611873992846757
142.7113043478261,272.7983870967741,3223.74358974359,10.627051206592112
166.84523809523807,370.74475138121534,204.00512820512822,12.564141172921747
161.30000000000007,360.2790960451976,279.35897435897436,11.334151445617252
159.8915887850467,273.6538461538462,2144.271794871795,4.879351306880825
152.09480519480522,233.01129032258086,295.28205128205127,7.195564432094477
162.06052631578947,307.8525139664804,2160.5589743589744,11.156966739376562
169.46517857142854,324.85675675675674,708.035,5.914248589405894
156.80714285714285,239.98361581920904,3520.7128205128206,4.599837154189347
165.80000000000004,355.7282051282051,143.635,5.9868346851394145
167.71944444444446,330.12972972972966,529.9384615384615,5.798581354390448
156.26315789473682,289.84722222222234,667.3948717948718,11.429353321756233
157.14903846153845,259.17801047120406,688.95,9.743600406415556
157.41267605633803,359.0588888888891,345.84615384615387,11.734485468564653
145.40370370370368,264.71058201058196,295.415,11.016107848281234
153.75882352941176,359.96067415730323,201.17435897435897,12.188630859823094
148.7097087378641,246.41813471502584,1512.02,9.576951363077209
158.36719999999994,341.2131979695433,506.08,11.649859705975336
169.92320000000007,317.2381720430108,1296.820512820513,6.776810344827584
164.9807692307692,309.62645502645523,291.3025641025641,5.47535384832054
145.91473684210524,255.92258064516125,812.2051282051282,11.20000757671423
126.52441860465116,159.0604519774012,1579.2871794871794,7.703433226934578
142.5333333333333,220.89148936170213,1035.6564102564103,8.353238129663836
154.71287128712865,269.8938461538461,748.245,10.454879083722572
158.09142857142857,266.3015463917525,341.36,10.632502343566909
155.5379310344827,247.76752577319598,665.82,10.470842720254723
167.4146341463415,343.55977653631294,389.2564102564103,12.645800671892495
139.63018867924526,161.1204301075268,3370.883495145631,6.808353374558257
146.32476190476189,306.9607526881721,1145.3538461538462,10.89513665018985
164.67717391304345,292.84230769230766,619.9846153846154,3.597348983018602
160.5893203883496,296.4354497354496,333.8871794871795,5.905983903667755
151.16916666666665,348.50869565217397,544.0153846153846,11.033528463561558
143.52232142857147,285.52419354838713,265.105,10.691899436072495
141.98346456692917,201.83403141361242,3055.245,7.85386834771025
158.7008130081301,344.97354497354496,224.88,13.315750622554251
141.95795454545453,195.6259887005649,963.1743589743589,8.433414617264495
154.04757281553395,285.4546961325966,399.574358974359,7.345824402890254
162.54205607476635,281.50625,587.69,9.259208085895624
158.35000000000002,469.68011049723725,422.94871794871796,13.943719915125795
146.90624999999997,233.1983783783784,302.0820512820513,9.366215665636773
153.0653846153847,292.34139784946234,358.2153846153846,12.08820792532784
158.86395348837206,301.3691099476439,292.3025641025641,5.263227425042543
146.12461538461534,195.01581920903948,493.74871794871797,8.339232039550897
142.02142857142857,120.44615384615383,254.41304347826087,7.340844227975732
157.72330097087377,326.93763440860215,644.75,12.977067080263666
147.7991228070176,242.48804347826083,376.2153846153846,10.011533218832641
142.29010989010987,219.78176795580112,339.07179487179485,6.531119647907559
158.1823008849558,379.47379679144393,300.63,14.12196054951269
154.46642191509122,262.2783194911948,871.6569839015953,8.209767193993564
161.16421052631577,292.98829787234047,470.4051282051282,6.826440929259014
148.82258064516128,191.42741935483863,594.9071428571428,5.507420125589826
150.24959349593496,255.80932642487042,740.2564102564103,11.22546865258054
149.7024,255.51761658031097,742.4820512820513,11.212968283788273
162.8242718446601,285.79263157894746,1406.15,6.28644810297621
159.3515151515152,243.27027027027032,2075.6,3.103185733133702
149.84634146341466,151.59896907216495,1483.4414414414414,6.862226257424298
161.12876712328764,308.2768361581921,2417.220512820513,11.0918128047047
145.5818181818181,216.24999999999997,1160.0871794871796,7.745861274793669
168.60108695652178,320.7829896907216,767.72,6.407226593028713
146.6146788990826,168.61704545454543,547.1743589743589,6.864287387885549
148.66521739130437,274.070224719101,290.75384615384615,12.169478102897855
144.1188118811881,260.0148936170212,808.2974358974359,11.447641766803285
151.96534653465352,247.8931937172775,439.22,8.552284732024956
143.5378378378378,167.01555555555552,660.4757281553398,7.816359199753048
161.67745098039225,314.4447513812156,222.915,10.768111163447958
159.8190476190476,273.8062146892656,1010.6769230769231,4.07140581077927
155.84400000000002,233.3193548387098,2432.353846153846,6.236812921534278
159.76767676767676,297.34535519125694,385.8820512820513,10.696290882028514
150.95258620689654,289.99071038251367,491.1333333333333,10.624784120454004
148.38536585365853,213.94293478260875,394.625641025641,8.700988928163014
154.17115384615389,269.46269430051814,623.775,9.367957196104367
166.28965517241377,294.0038251366122,4328.379487179487,6.7746455711499785
107.6,100.16666666666667,1053.090909090909,6.127874654696133
125.35,108.4090909090909,551.3333333333334,6.768545949214027
146.3,73.01428571428572,695.8888888888889,5.367619351748363
112.075,111.67857142857143,596.6428571428571,6.479887465581229
154.46642191509122,262.2783194911948,871.6569839015953,8.209767193993564
154.46642191509122,76.3,862.0,5.973549883990719
162.8231707317073,289.35132275132287,280.66,8.670740397634148
136.59999999999997,106.58636363636364,2184.3636363636365,7.026132012651907
153.87010309278355,232.38044692737432,1452.0,5.996374231828774
161.88279569892472,466.4058823529412,498.825641025641,13.280846295401503
159.91884057971018,337.70439560439536,1002.3794871794872,11.77248547047027
137.0625,166.58888888888887,1488.7037037037037,8.60436123896007
152.6050420168067,303.35303867403303,534.9794871794871,12.11914187939149
155.95514018691588,298.51249999999993,644.6307692307693,10.086078295665182
172.15691056910563,378.7494736842105,27.48205128205128,12.822784101511473
161.56074766355138,287.9104166666668,524.745,9.949614574698188
147.91956521739127,248.57472527472518,658.5846153846154,7.8475362860524545
156.20158730158735,303.27119565217384,276.7846153846154,12.240370185092546
151.83186813186816,272.92842105263156,131.84615384615384,12.16728899260988
144.54827586206898,223.11999999999986,779.79,9.736924684851058
140.2555555555555,129.2111111111111,8137.170731707317,7.605873977891281
150.64552845528456,251.73595505618,1062.6871794871795,9.760614118055821
162.9542553191488,268.6872340425532,278.225,7.998175936741845
168.86238532110096,375.48360655737713,439.95897435897433,10.087093202163372
170.93529411764703,327.1226315789473,1092.455,4.836866964772002
135.76315789473688,155.78648648648647,2261.3048780487807,8.488640812826612
144.86371681415932,195.25351351351344,670.1641025641026,6.819630094427698
167.31681415929205,377.107650273224,200.32,11.860840155750799
157.60762711864407,347.7502673796794,384.395,13.86086317459905
148.37849462365583,244.48609625668465,169.06153846153848,12.840749840749835
152.42577319587633,239.7868852459016,345.92,10.51613956984274
151.84150943396227,280.74764397905767,277.48,10.785633198789105
132.17916666666667,127.63636363636358,303.5432098765432,7.133330621873347
148.6892857142857,255.39263157894763,277.095,10.253052202313285
166.3384615384615,283.577540106952,1894.6410256410256,5.508183946624083
154.1339805825243,304.4559585492229,254.595,11.42634772874565
153.26407766990295,286.36701570680646,806.8051282051282,11.625968206347293
148.38061224489795,288.4494791666666,775.125,11.382426060312849
154.78582677165363,316.1585106382978,493.54,12.50280929610568
163.48079999999996,322.8842105263158,533.0512820512821,8.049355909375146
160.30894308943095,314.83031914893627,452.14358974358976,9.315750612467104
143.59152542372883,205.83709677419353,3523.7846153846153,8.335893081156915
146.49444444444444,215.60540540540538,603.6461538461539,8.381024713068447
155.15,236.64041450777202,284.12,9.640648317612275
139.5827956989247,205.88324607329852,758.8051282051282,7.5086107037379985
136.30281690140842,195.68579234972674,356.5897435897436,8.490550082692174
162.45714285714286,175.38888888888889,615.8888888888889,3.3917192855854226
148.41978021978025,235.96187845303868,610.0666666666667,8.699374595462455
164.53473684210525,298.11702127659584,749.705,5.4420005202046156
147.1145833333334,149.4960396039604,618.1171171171171,6.55973969188614
160.3748031496063,317.7605263157894,577.265,11.10204931877041
159.13142857142856,314.5562130177516,499.4051282051282,11.244674689887463
139.4077922077922,228.98305084745746,828.1128205128205,10.001356188305813
148.9346153846154,240.6589189189189,336.94871794871796,10.107959820409402
157.1268817204302,260.77771739130435,2585.394871794872,5.751344237452199
151.76153846153844,275.1829787234043,315.4307692307692,11.960711440602203
130.79,184.43599999999998,706.3448275862069,8.500702987697716
141.236,165.0654545454545,553.7796610169491,8.385057998959386
137.19014084507046,185.47582417582421,379.5025641025641,8.079017066875666
147.09841269841263,248.1094972067039,548.4564102564102,9.220905291307073
145.36981132075468,232.4459459459458,353.3025641025641,8.577656980288566
160.0689320388349,386.7635869565215,145.71794871794873,11.146890726728843
159.593137254902,290.9454545454544,846.8051282051282,5.359671041077473
164.50740740740736,252.4483516483516,504.5846153846154,8.774200662642029
152.4087378640777,266.64060913705583,194.9,10.926198050282194
156.72336448598134,397.44677419354826,188.965,14.828330643240813
147.83663366336634,274.0796791443849,859.5179487179487,12.011127286612655
154.92784810126582,242.24148936170218,1108.1641025641027,5.601782111322955
150.22886597938142,303.12659574468097,387.5487179487179,12.795314402159535
153.4946428571428,221.64587155963304,943.9916666666667,3.166067850175231
151.71749999999994,214.04444444444442,1825.17,11.598336045409464
138.57,162.19333333333336,2460.222222222222,6.643205220847259
164.44521739130428,265.8742857142857,905.4051282051282,5.209678058837524
165.81099999999998,294.1005208333334,764.275,10.461903110791285
164.8712962962962,278.2425531914893,665.965,6.506233811086172
154.73728813559322,270.1189473684212,1488.31,9.861156277925971
137.1442105263158,202.69672131147536,509.1384615384615,7.90777683769465
139.01470588235293,185.32369942196527,1128.3435897435897,9.227767501261209
154.46642191509122,262.2783194911948,871.6569839015953,8.209767193993564
143.47787610619466,291.11793478260876,396.12307692307695,11.25141629123298
161.60270270270257,279.5544502617799,677.19,5.845620136150865
163.69674796747972,271.7958549222799,1036.246153846154,8.785510323257514
140.25982905982903,219.70952380952377,1365.4307692307693,8.994451267374993
144.71216216216214,187.2622222222222,2748.4410256410256,8.532837636627576
160.5719512195122,347.0790322580646,216.5025641025641,12.23678525747312
144.98064516129037,290.919540229885,813.2820512820513,11.533093511570723
158.48194444444445,344.527374301676,824.8358974358974,12.70119681925854
143.34285714285716,194.468115942029,3804.909090909091,4.702288567742289
141.37717391304346,175.4187845303867,927.3128205128205,9.199053233495187
151.96412213740467,223.82916666666668,447.94,9.46579564227351
